Date,1   CCIL Operated Systems (1.1 to 1.3)_Volume (Lakh),1   CCIL Operated Systems (1.1 to 1.3)_Value( Rupees Crores ),1.1 Govt. Securities Clearing (1.1.1 to 1.1.3)_Volume (Lakh),1.1 Govt. Securities Clearing (1.1.1 to 1.1.3)_Value( Rupees Crores ),1.1.1 Outright_Volume (Lakh),1.1.1 Outright_Value( Rupees Crores ),1.1.2 Repo_Volume (Lakh),1.1.2 Repo_Value( Rupees Crores ),1.1.3 Tri-party Repo_Volume (Lakh),1.1.3 Tri-party Repo_Value( Rupees Crores ),1.2 Forex Clearing_Volume (Lakh),1.2 Forex Clearing_Value( Rupees Crores ),1.3 Rupee Derivatives @_Volume (Lakh),1.3 Rupee Derivatives @_Value( Rupees Crores ),1 Credit Transfers - RTGS (1.1 to 1.2)_Volume (Lakh),1 Credit Transfers - RTGS (1.1 to 1.2)_Value( Rupees Crores ),1.1 Customer Transactions_Volume (Lakh),1.1 Customer Transactions_Value( Rupees Crores ),1.2 Interbank Transactions_Volume (Lakh),1.2 Interbank Transactions_Value( Rupees Crores ),2 Credit Transfers - Retail (2.1 to 2.7)_Volume (Lakh),2 Credit Transfers - Retail (2.1 to 2.7)_Value( Rupees Crores ),2.1 AePS (Fund Transfers) @_Volume (Lakh),2.1 AePS (Fund Transfers) @_Value( Rupees Crores ),2.2 APBS $_Volume (Lakh),2.2 APBS $_Value( Rupees Crores ),2.3 ECS Cr_Volume (Lakh),2.3 ECS Cr_Value( Rupees Crores ),2.4 IMPS_Volume (Lakh),2.4 IMPS_Value( Rupees Crores ),2.5 NACH Cr $_Volume (Lakh),2.5 NACH Cr $_Value( Rupees Crores ),2.6 NEFT_Volume (Lakh),2.6 NEFT_Value( Rupees Crores ),2.7 UPI @_Volume (Lakh),2.7 UPI @_Value( Rupees Crores ),2.7.1 of which USSD @_Volume (Lakh),2.7.1 of which USSD @_Value( Rupees Crores ),3 Debit Transfers and Direct Debits (3.1 to 3.4)_Volume (Lakh),3 Debit Transfers and Direct Debits (3.1 to 3.4)_Value( Rupees Crores ),3.1 BHIM Aadhaar Pay @_Volume (Lakh),3.1 BHIM Aadhaar Pay @_Value( Rupees Crores ),3.2 ECS Dr_Volume (Lakh),3.2 ECS Dr_Value( Rupees Crores ),3.3 NACH Dr $_Volume (Lakh),3.3 NACH Dr $_Value( Rupees Crores ),3.4 NETC (linked to bank account) @_Volume (Lakh),3.4 NETC (linked to bank account) @_Value( Rupees Crores ),4 Card Payments (4.1 to 4.2)_Volume (Lakh),4 Card Payments (4.1 to 4.2)_Value( Rupees Crores ),4.1 Credit Cards (4.1.1 to 4.1.2)_Volume (Lakh),4.1 Credit Cards (4.1.1 to 4.1.2)_Value( Rupees Crores ),4.1.1 PoS based $_Volume (Lakh),4.1.1 PoS based $_Value( Rupees Crores ),4.1.2 Others $_Volume (Lakh),4.1.2 Others $_Value( Rupees Crores ),4.2 Debit Cards (4.2.1 to 4.2.1 )_Volume (Lakh),4.2 Debit Cards (4.2.1 to 4.2.1 )_Value( Rupees Crores ),4.2.1 PoS based $_Volume (Lakh),4.2.1 PoS based $_Value( Rupees Crores ),4.2.2 Others $_Volume (Lakh),4.2.2 Others $_Value( Rupees Crores ),5 Prepaid Payment Instruments (5.1 to 5.2)_Volume (Lakh),5 Prepaid Payment Instruments (5.1 to 5.2)_Value( Rupees Crores ),5.1 Wallets_Volume (Lakh),5.1 Wallets_Value( Rupees Crores ),5.2 Cards (5.2.1 to 5.2.2)_Volume (Lakh),5.2 Cards (5.2.1 to 5.2.2)_Value( Rupees Crores ),5.2.1 PoS based $_Volume (Lakh),5.2.1 PoS based $_Value( Rupees Crores ),5.2.2 Others $_Volume (Lakh),5.2.2 Others $_Value( Rupees Crores ),6 Paper-based Instruments (6.1 to 6.2)_Volume (Lakh),6 Paper-based Instruments (6.1 to 6.2)_Value( Rupees Crores ),6.1 CTS (NPCI Managed)_Volume (Lakh),6.1 CTS (NPCI Managed)_Value( Rupees Crores ),6.2 Others_Volume (Lakh),6.2 Others_Value( Rupees Crores ),Total - Retail Payments (2+3+4+5+6)_Volume (Lakh),Total - Retail Payments (2+3+4+5+6)_Value( Rupees Crores ),Total Payments (1+2+3+4+5+6)_Volume (Lakh),Total Payments (1+2+3+4+5+6)_Value( Rupees Crores ),Total Digital Payments (1+2+3+4+5)_Volume (Lakh),Total Digital Payments (1+2+3+4+5)_Value( Rupees Crores ),1 Mobile Payments (mobile app based) (1.1 to 1.2)_Volume (Lakh),1 Mobile Payments (mobile app based) (1.1 to 1.2)_Value( Rupees Crores ),1.1 Intra-bank $_Volume (Lakh),1.1 Intra-bank $_Value( Rupees Crores ),1.2 Inter-bank $_Volume (Lakh),1.2 Inter-bank $_Value( Rupees Crores ),2 Internet Payments (Netbanking / Internet Browser Based) @ (2.1 to 2.2)_Volume (Lakh),2 Internet Payments (Netbanking / Internet Browser Based) @ (2.1 to 2.2)_Value( Rupees Crores ),2.1 Intra-bank @_Volume (Lakh),2.1 Intra-bank @_Value( Rupees Crores ),2.2 Inter-bank @_Volume (Lakh),2.2 Inter-bank @_Value( Rupees Crores ),3 Cash Withdrawal at ATMs $ (3.1 to 3.3)_Volume (Lakh),3 Cash Withdrawal at ATMs $ (3.1 to 3.3)_Value( Rupees Crores ),3.1 Using Credit Cards $_Volume (Lakh),3.1 Using Credit Cards $_Value( Rupees Crores ),3.2 Using Debit Cards $_Volume (Lakh),3.2 Using Debit Cards $_Value( Rupees Crores ),3.3 Using Pre-paid Cards $_Volume (Lakh),3.3 Using Pre-paid Cards $_Value( Rupees Crores ),4 Cash Withdrawal at PoS $ (4.1 to 4.2)_Volume (Lakh),4 Cash Withdrawal at PoS $ (4.1 to 4.2)_Value( Rupees Crores ),4.1 Using Debit Cards $_Volume (Lakh),4.1 Using Debit Cards $_Value( Rupees Crores ),4.2 Using Pre-paid Cards $_Volume (Lakh),4.2 Using Pre-paid Cards $_Value( Rupees Crores ),5   Cash Withrawal at Micro ATMs @_Volume (Lakh),5   Cash Withrawal at Micro ATMs @_Value( Rupees Crores ),5.1 AePS @_Volume (Lakh),5.1 AePS @_Value( Rupees Crores ),1 Number of Cards (1.1 to 1.2)_Volume (Lakh),1 Number of Cards (1.1 to 1.2)_Value( Rupees Crores ),1.1 Credit Cards_Volume (Lakh),1.1 Credit Cards_Value( Rupees Crores ),1.2 Debit Cards_Volume (Lakh),1.2 Debit Cards_Value( Rupees Crores ),2 Number of PPIs @ (2.1 to 2.2)_Volume (Lakh),2 Number of PPIs @ (2.1 to 2.2)_Value( Rupees Crores ),2.1 Wallets @_Volume (Lakh),2.1 Wallets @_Value( Rupees Crores ),2.2 Cards @_Volume (Lakh),2.2 Cards @_Value( Rupees Crores ),3 Number of ATMs (3.1 to 3.2)_Volume (Lakh),3 Number of ATMs (3.1 to 3.2)_Value( Rupees Crores ),3.1 Bank owned ATMs $_Volume (Lakh),3.1 Bank owned ATMs $_Value( Rupees Crores ),3.2 White Label ATMs $_Volume (Lakh),3.2 White Label ATMs $_Value( Rupees Crores ),4   Number of Micro ATMs @_Volume (Lakh),4   Number of Micro ATMs @_Value( Rupees Crores ),5   Number of PoS Terminals_Volume (Lakh),5   Number of PoS Terminals_Value( Rupees Crores ),6   Bharat QR @_Volume (Lakh),6   Bharat QR @_Value( Rupees Crores ),7 UPI QR *_Volume (Lakh),7 UPI QR *_Value( Rupees Crores )
Nov-2025,4.07934,28209255.7578233,1.53112,17161812.8078233,0.87911,1226375.2058233,0.44072,7838568.802,0.21129,8096868.8,2.46383,10100566.88,0.08439,946876.07,284.88503,16881604.510401,283.74712,15505696.4448135,1.13791,1375908.06558749,221600.51516,7313610.28363325,0.26,10.92,3375.31,69482.77,-,-,3689.31,615176.8,1690.81,163207.76,8175.03516,3834099.39363325,204669.79,2631632.64,0.55851,6.555501413,1987.04,226303.51,19.28,608.79,-,-,1835.73,225516.61,132.03,178.11,6041.95492,222942.396458516,5029.84178,188799.009889649,2538.3965,75639.866788299,2491.44528,113159.14310135,1012.11314,34143.386568867,763.31463,22754.123268064,248.79851,11389.263300803,8973.349650571,24638.835027944,7347.33435,19264.611136736,1626.015300571,5374.223891208,682.351200571,1364.659523593,943.6641,4009.564367615,448.6,570250.88,448.6,570250.88,0,0,239051.459730571,8357745.90511971,239336.344760571,25239350.4155207,238887.744760571,24669099.5355207,187787.15424,3769434.5306992,10306.93987,637712.7933,177480.21437,3131721.7373992,3527.10247,11864143.1961466,809.62684,6241771.09277955,2717.47563,5622372.10336704,4404.77914,235313.302190739,6.71955,378.461029013,4380.22645,234054.556200808,17.83314,880.284960918,0.14291,2.253146924,0.12269,1.989208224,0.02022,0.2639387,1048.96,27357.69,1048.96,27357.69,11448.61729,-,1148.66073,-,10299.95656,-,19107.12664,-,14410.18285,-,4696.94379,-,2.50622,-,2.13392,-,0.3723,-,14.26985,-,112.53662,-,59.52557,-,7282.892415,-
Oct-2025,4.2496,30434601.2676,1.6332,18365110.7276,0.9477,1439939.4276,0.4559,8365989.75,0.2296,8559181.55,2.5104,11161870.99,0.106,907619.55,296.7583,18732702.1439,295.5626,17108665.7639,1.1957,1624036.38,224318.2332,7851867.2938,0.27,11.68,2745.64,43352.6,-,-,4035.88,641963.6,1736.26,165140.85,8790.9732,4273607.8538,207009.21,2727790.71,1.1367,12.6504,1964.66,223881.2,20.58,661.43,-,-,1812.26,223047.64,131.82,172.13,6279.1413,256373.3133,5182.8955,214230.3009,2609.4154,88356.9958,2573.4801,125873.3051,1096.2458,42143.0124,828.7883,29103.5293,267.4575,13039.4831,8939.2624,24226.8336,7281.5611,18515.1418,1657.7013,5711.6918,649.1641,1274.4702,1008.5372,4437.2216,452.12,574554.41,452.12,574554.41,-,-,241953.4169,8930903.0507,242250.1752,27663605.1946,241798.0552,27089050.7846,190010.12288,3908175.4313509,10880.39276,685229.0656774,179129.73012,3222946.3656735,3803.4151,13199799.112,872.0797,6840494.3019,2931.3354,6359304.8101,4661.9808,251642.774,7.1165,403.8789,4636.3354,250321.4543,18.5289,917.4408,0.1475,2.2697,0.1258,1.9954,0.0217,0.2743,1084.34,29379.36,1084.34,29379.36,11411.6865,-,1140.1842,-,10271.5023,-,17710.948,-,12993.6644,-,4717.2836,-,2.4961,-,2.1288,-,0.3673,-,14.6457,-,123.08428,-,60.47707,-,7175.2506,-
Sep-2025,4.94887,30270023.3715885,1.75093,18003263.2715885,1.0396,1499643.1715885,0.47642,7926471.1,0.23491,8577149.0,3.11083,11417000.9,0.08711,849759.2,280.83232,19836941.9671602,279.64377,18220475.315516,1.18855,1616466.65164421,213074.91894,7543380.47690966,0.26,11.69,2542.9,41746.35,-,-,3943.79,596847.03,1850.43,149728.73,8403.20894,4265310.15690966,196334.33,2489736.52,0.93595,9.659654834,1926.97,222918.71,18.9,590.54,-,-,1786.47,222164.14,121.6,164.03,5999.79679,253482.689843787,4952.40648,216706.990765325,2416.14615,72543.899795661,2536.26033,144163.090969664,1047.39031,36775.699078462,777.5583,22772.675910043,269.83201,14003.023168419,8551.51046,22636.575512756,6871.57802,17182.675283813,1679.93244,5453.900228943,688.71559,1091.791012451,991.21685,4362.109216492,464.86,570466.54,464.86,570466.54,0,0,230018.05619,8612884.9922662,230298.88851,28449826.9594264,229834.02851,27879360.4194264,181008.61125,3618113.91140235,10469.49499,633733.366812633,170539.11626,2984380.54458971,3755.36815,13654297.8831461,853.79738,7091903.21296266,2901.57077,6562394.67018346,4395.47522,230952.107093577,6.68889,368.814151564,4370.90119,229713.384524986,17.88514,869.908417027,0.1223,1.555293394,0.0974,1.220258394,0.0249,0.335035,1034.96,26355.58,1034.96,26355.58,11381.99285,-,1133.90495,-,10248.0879,-,16180.40308,-,11478.95385,-,4701.44923,-,2.48679,-,2.12147,-,0.36532,-,14.59945,-,121.24448,-,60.95395,-,7090.65908,-
Aug-2025,4.28444,28151945.6284719,1.49547,16614169.8284719,0.80862,1240950.8284719,0.47016,7489699.5,0.21669,7883519.5,2.69308,10788096.8,0.09589,749679.0,259.6774,16371215.7269586,258.52076,14993006.5463859,1.15664,1378209.18057266,218816.16939,7102302.81207012,0.31,15.71,3817.08,66149.58,-,-,4772.62,597548.72,1854.46,167855.95,8288.59939,3785259.95207012,200083.1,2485472.9,0.68627,6.703510631,1929.02,214927.59,25.38,718.05,-,-,1764.13,214031.41,139.51,178.13,6056.57448,228576.209989496,4935.77176,191169.899264653,2501.62542,72753.323045282,2434.14634,118416.576219371,1120.80272,37406.310724843,843.59478,24662.817712947,277.20794,12743.493011896,7966.15704,22252.6884418167,6246.1917,17169.4319828408,1719.96534,5083.25645897594,669.51358,1029.52664890194,1050.45176,4053.729810074,446.03,540024.58,446.03,540024.58,0,0,235213.95091,8108083.88050143,235473.62831,24479299.60746,235027.59831,23939275.02746,184421.97384,3539155.55684104,10513.94137,605042.564937888,173908.03247,2934112.99190315,3638.12136,11554722.6577066,798.10794,6020479.24579153,2840.01342,5534243.41191506,4625.94281,240097.877133909,6.71163,365.637626659,4601.36709,238883.151134951,17.86409,849.088372299,0.1254,1.331274531,0.10137,1.015662181,0.02403,0.31561235,1245.48,31157.18,1245.48,31157.18,11303.56735,-,1123.14285,-,10180.4245,-,14584.13114,-,9692.18102,-,4891.95012,-,2.48618,-,2.12411,-,0.36207,-,14.71422,-,119.72943,-,65.9709,-,6978.38118,-
Jul-2025,5.20535,32781615.507,1.6316,19293299.0306,0.8417,1274228.3206,0.5451,8664018.16,0.2448,9355052.55,3.4757,12739680.51,0.09805,748635.9664,277.6731,18863902.4524,276.4618,16624623.6618,1.2113,2239278.7906,212335.0724,7319320.7711,0.31,15.65,2705.04,42354.76,-,-,4821.9,631411.24,1628.2,143080.81,8500.1424,3993960.2111,194679.48,2508498.1,1.5899,31.111,1912.72,217899.28,19.95,619.12,-,-,1753.66,217101.63,139.11,178.53,5982.421,231986.9227,4861.8112,193849.4158,2432.7529,70380.3113,2429.0583,123469.1045,1120.6098,38137.5069,832.1918,23921.1901,288.418,14216.3168,7124.0603,20757.8715,5431.4517,16915.3845,1692.6086,3842.487,660.6566,907.6238,1031.952,2934.8632,494.59,607503.72,494.59,607503.72,0,0,227848.8637,8397468.5653,228126.5368,27261371.0177,227631.9468,26653867.2977,180367.99145,3658440.69202567,10205.69196,634811.312574204,170162.29949,3023629.37945147,3987.5688,12803198.1653,935.6639,6734104.8668,3051.9049,6069093.29849999,4472.414,232954.737,6.6297,361.6172,4447.6552,231722.4285,18.1291,870.6913,0.1289,1.3181,0.106,1.0374,0.0229,0.2807,996.95,25574.32,996.95,25574.32,11243.501,-,1116.228,-,10127.273,-,13746.527,-,8870.158,-,4876.369,-,2.493,-,2.134,-,0.359,-,14.667,-,119.214,-,66.645,-,6881.216,-
Jun-2025,5.29633,30959727.2048219,1.76906,17946467.8248219,1.04741,1611828.5148219,0.50694,7894090.51,0.21471,8440548.8,3.39212,11968142.75,0.13515,1045116.63,254.87594,19012359.627157,253.7289,16983277.8929628,1.14704,2029081.73419425,200519.84305,6957478.28683354,0.3,15.55,2841.94,48246.63,-,-,4481.05,606356.3,1325.97,134187.56,7920.52305,3764741.55683354,183950.06,2403930.69,1.17938,21.351494799,1891.36,210753.96,18.27,614.61,-,-,1728.39,209956.34,144.7,183.01,5672.82204,218551.547814972,4587.10133,183088.135537433,2338.69565,67467.788721284,2248.40568,115620.34681615,1085.72071,35463.412277538,812.89624,23079.23788877,272.82447,12384.174388768,6868.38566,20740.119569177,5338.81873,17308.0807921,1529.56693,3432.038777077,595.0523,888.302956575,934.51463,2543.735820502,447.43,550176.04,447.43,550176.04,0,0,215399.84075,7957699.95421768,215654.71669,26970059.5813747,215207.28669,26419883.5413747,170640.10758,3467488.43878512,9560.56672,611427.971537213,161079.54086,2856060.46724791,3635.82483,12824960.4989699,839.90197,6918867.33959999,2795.92286,5906093.15936999,4382.08196,229906.62533,6.28066,344.85457,4358.58139,228734.66958,17.21991,827.10118,0.13697,1.3743,0.11475,1.08328,0.02222,0.29102,944.62,25646.12,944.62,25646.12,11163.77644,-,1111.97361,-,10051.80283,-,13520.64609,-,8681.91509,-,4838.731,-,2.50897,-,2.15151,-,0.35746,-,14.59218,-,117.91203,-,67.21303,-,6782.51197,-
May-2025,5.48351,29656042.05,1.93874,17500816.49,1.27706,1875057.0,0.45304,7645792.49,0.20864,7979967.0,3.43981,11363617.11,0.10496,791608.45,274.70923,17013770.0942233,273.4557,15219872.7103076,1.25353,1793897.38391563,203656.71979,7146649.15671727,0.31,16.97,2786.17,50985.21,-,-,4636.6,640867.39,1243.57,147379.66,8215.46979,3793102.91671726,186774.6,2514297.01,1.78969,32.694806499,1895.74,206367.54,19.51,640.67,-,-,1723.65,205534.69,152.58,192.18,5827.40318,226810.075415964,4676.93491,189831.642827561,2359.14154,69607.416048352,2317.79337,120224.226779209,1150.46827,36978.432588403,861.56629,24735.438078033,288.90198,12242.99451037,7106.38604,20721.501435278,5474.25457,16668.118991467,1632.13147,4053.382443811,650.5405,981.174859822,981.59097,3072.207583989,481.93,596238.79,481.93,596238.79,0,0,218968.17901,8196787.06356851,219242.88824,25210557.1577918,218760.95824,24614318.3677918,173238.90407,3641750.16207479,9743.76741,638772.328837258,163495.13666,3002977.83323753,3668.66121,11661241.1999761,851.53813,6068348.79960062,2817.12308,5592892.40037552,4604.60937,246201.1187575,6.70129,370.125994492,4579.87566,244944.908328709,18.03242,886.084434299,0.15336,1.576964882,0.128,1.262142032,0.02536,0.31482285,1017.25,27667.8,1017.25,27667.8,11115.67413,-,1111.97596,-,10003.69817,-,13513.50643,-,8692.12334,-,4821.38309,-,2.56929,-,2.21339,-,0.3559,-,14.78043,-,115.89378,-,66.63511,-,6698.20082,-
Apr-2025,5.066205,29399813.7437505,1.88789,16657576.4637505,1.30418,2017823.1437505,0.38304,7078422.37,0.20067,7561330.95,3.071935,11992138.74,0.10638,750098.54,262.40639,16895789.3931776,261.16255,15060026.3716091,1.24384,1835763.02156857,194925.93744,7126205.36115718,0.3,16.43,2610.51,57565.78,-,-,4492.53,621666.37,1200.84,154683.01,7687.51744,3897347.90115718,178934.24,2394925.87,1.21836,13.194206,1869.9,198564.77,17.39,600.99,-,-,1709.27,197779.98,143.24,183.8,5673.6371,222350.524642835,4502.70226,184237.408605768,2281.40764,67899.292528061,2221.29462,116338.116077707,1170.93484,38113.116037067,875.30236,26187.488881365,295.63248,11925.627155702,6768.425134705,21253.758885153,5157.38338,15895.520413323,1611.041754705,5358.23847183,649.246964705,1093.368188289,961.79479,4264.870283541,494.77,645079.15,494.77,645079.15,0,0,209732.669674704,8213453.56468516,209995.076064706,25109242.9578628,209500.306064706,24464163.8078628,165815.84961,3505146.75143111,9304.93367,617897.968984165,156510.91594,2887248.78244694,3653.49035,11633516.715525,837.99936,6048107.29269024,2815.49099,5585409.42283472,4602.65112,244746.791582588,6.86493,372.725729101,4578.05976,243493.553580905,17.72643,880.512272582,0.16997,1.73364817,0.14548,1.42526217,0.02449,0.308386,928.36,25662.05,928.36,25662.05,11064.19732,-,1104.36001,-,9959.83731,-,13444.92904,-,8719.53718,-,4725.39186,-,2.55031,-,2.18833,-,0.36198,-,14.73668,-,112.91412,-,66.84303,-,6624.74902,-
Mar-2025,4.36161,27936158.3513689,1.33182,15356047.8013689,0.76179,1297378.0213689,0.3561,6589738.03,0.21393,7468931.75,2.93634,11758723.6199999,0.09345,821386.93,307.02909,21401969.0992798,305.71139,19394682.5959425,1.3177,2007286.50333738,202008.60662,8242601.1737877,0.31,15.91,3506.6,66841.16,-,-,4616.39,667812.8,1861.26,176401.23,9008.96662,4854308.48378769,183015.08,2477221.59,1.25915,13.686625111,1891.3529,211047.17195513,19.59,610.79,-,-,1724.79,210245.52,146.9729,190.86195513,5789.52374,240548.580169008,4586.50423,201493.898499799,2302.66329,71473.00771716,2283.84094,130020.890782639,1203.01951,39054.681669209,895.81561,25818.039594479,307.2039,13236.64207473,6783.69047,21465.029168769,5061.16875,16076.608449732,1722.52172,5388.420719037,648.23812,1016.314335291,1074.2836,4372.106383746,531.76,659873.48,531.76,659873.48,0,0,217004.93373,9375535.4350806,217311.96282,30777504.5343605,216780.20282,30117631.0543605,171174.2308,3769671.49739374,9863.76163,670271.774240987,161310.46917,3099399.72315275,4096.2389,13992340.250978,1009.09326,7319249.2587596,3087.14564,6673090.99221842,4983.77818,263892.054360106,7.43191,410.139593873,4957.21528,262539.794666596,19.13099,942.120099637,0.22282,2.455804703,0.19075,2.074501903,0.03207,0.3813028,1102.31,29560.56,1102.31,29560.56,11006.97107,-,1098.84686,-,9908.12421,-,13396.52642,-,8673.62015,-,4722.90627,-,2.55885,-,2.19669,-,0.36216,-,14.81883,-,110.98051,-,67.18039,-,6579.29517,-
Feb-2025,3.72274,25171732.9197683,1.15725,14137926.1097683,0.62616,1088597.6297683,0.3292,5916603.13,0.20189,7132725.35,2.44806,9957432.4,0.11743,1076374.41,244.20222,16099370.9047398,243.04706,14226026.9421374,1.15516,1873343.96260239,177394.60785,6497659.81782622,0.28,15.65,3103.12,57096.94,-,-,4048.29,563081.64,1533.06,140880.51,7647.92785,3540103.37782622,161061.93,2196481.7,1.14946,12.517755856,1862.79826,193068.11144361,15.67,494.42,-,-,1701.1,192387.2,146.02826,186.49144361,5052.08792,201522.008050424,3969.5909,167207.96449526,1999.95593,62124.913088089,1969.63497,105083.051407171,1082.49702,34314.043555164,803.42355,23216.21719754,279.07347,11097.826357624,6398.44005,19236.21900598,4850.74754,14403.704636805,1547.69251,4832.514369175,641.8367,969.442589996,905.85581,3863.071779179,462.02,540834.48,462.02,540834.48,0,0,191169.95408,7452320.63632623,191414.1563,23551691.541066,190952.1363,23010857.061066,150031.46339,3215517.21121425,8703.41893,558354.932893513,141328.04446,2657162.27832074,3635.80169,10339283.6859358,1003.69405,5354634.76811492,2632.10764,4984648.91782089,4497.96851,235618.020308098,6.84455,369.763457319,4473.7689,234407.962815308,17.35506,840.294035471,0.21906,2.449414,0.19281,2.13603315,0.02625,0.31338085,921.64,23604.71,921.64,23604.71,10949.92101,-,1093.15356,-,9856.76745,-,13614.37645,-,9001.60766,-,4612.76879,-,2.57563,-,2.21547,-,0.36016,-,14.67966,-,107.17514,-,65.48149,-,6496.9128,-
Jan-2025,4.88137,30296789.6310957,1.76767,17807347.2410957,1.10389,1627265.0910957,0.41265,7288494.35,0.25113,8891587.8,2.93882,11164124.61,0.17488,1325317.78,268.1451,17499362.6978853,266.88868,15571747.7902187,1.25642,1927614.90766658,186538.41339,7000486.61197668,0.31,17.62,2263.21,52279.51,-,-,4442.23,606420.17,1304.72,145699.25,8567.93339,3848032.95197668,169960.01,2348037.11,1.37563,16.095519548,1878.4538,199535.0581316,15.79,485.58,-,-,1715.83,198856.84,146.8338,192.6381316,5522.41812,223089.530076211,4305.72385,184126.165173634,2177.43317,69429.4042210711,2128.29068,114696.760952563,1216.69427,38963.364902577,910.91391,25998.796217372,305.78036,12964.568685205,6547.10233676471,19496.2972113345,4875.13527,14700.2644956496,1671.96706676471,4796.03271568489,701.17512676471,999.703008758866,970.79194,3796.32970692603,516.61,606755.71,516.61,606755.71,0,0,201002.997646765,8049363.20739582,201271.142746765,25548725.9052812,200754.532746765,24941970.1952812,158794.77546,3451865.40753356,9234.71719,607540.797651809,149560.05827,2844324.60988175,4167.04733,11639720.7587963,1212.86823,6130803.91822172,2954.1791,5508916.84057463,4910.07094,251937.84893553,7.79153,412.390172718,4883.53232,250646.060730206,18.74709,879.398032606022,0.27264,3.119208269,0.24327,2.767951019,0.02937,0.35125725,915.09,23246.11,915.09,23246.11,10909.12461,-,1088.73184,-,9820.39277,-,13463.20507,-,8954.72805,-,4508.47702,-,2.57113,-,2.21312,-,0.35801,-,14.73899,-,103.5273,-,64.43092,-,6401.64702,-
Dec-2024,3.776745,27448819.7175689,1.48975,16506679.8575689,0.84363,1348781.6875689,0.40736,6377679.12,0.23876,8780219.05,2.160865,9919285.3,0.12613,1022854.56,262.28757,19163586.8023177,261.11312,17161423.3724849,1.17445,2002163.42983281,183786.40646,6935631.85771733,0.31,16.62,2451.41,58704.71,-,-,4411.64,601549.15,1315.94,135695.46,8307.01646,3814965.97771733,167300.09,2324699.94,1.56304,16.095519548,1905.47222,198302.9981377,17.18,547.09,-,-,1738.32,197549.01,149.97222,206.8981377,5608.59308,228548.269053578,4328.49503,187949.421330207,2240.03238,73048.3766374841,2088.46265,114901.044692723,1280.09805,40598.847723371,964.50208,27608.969836413,315.59597,12989.877886958,6377.98769,18992.2237777454,4830.74955,14436.689612846,1547.23814,4555.53416489927,684.92952,990.542309499246,862.30862,3564.99139906803,506.56,587878.97,506.56,587878.97,0,0,198185.01936,7969354.31823002,198447.30693,27132941.1205477,197940.74693,26545062.1505477,156762.65512,3455799.64538718,9183.13995,618346.972689762,147579.51517,2837452.67269742,4072.71333,12203094.9023198,1155.00233,6414756.22157313,2917.711,5788338.68074668,4950.76951,252470.945489512,8.11611,429.240327926,4923.54062,251160.643540641,19.11278,881.061620944999,0.28991,3.310317879,0.26269,2.999956879,0.02722,0.310361,910.87,23194.53,910.87,23194.53,10990.03959,-,1080.55905,-,9909.48054,-,13269.0725225,-,8904.24982,-,4364.8227025,-,2.54788,-,2.18935,-,0.35853,-,14.67196,-,100.00549,-,63.82626,-,6334.38848,-
Nov-2024,2.61147,20592498.4745638,1.09836,13954925.3945638,0.54225,847484.6945638,0.35492,5366007.15,0.20119,7741433.55,1.39909,5972544.14,0.11402,665028.94,240.28516,14826882.2072817,239.16395,13504832.5246979,1.12121,1322049.68258385,170358.49919,6274182.44401584,0.3,14.36,2250.97,32384.39,-,-,4079.18,558327.6,1438.33,147384.99,7769.50919,3380883.69401584,154820.21,2155187.41,1.56124,15.973149808,1894.743122,185643.3301953,19.29,628.57,-,-,1732.94,184814.37,142.513122,200.3901953,5167.92714,208308.170467808,3936.03746,169298.163539865,2036.02021,68233.4313673451,1900.01725,101064.73217252,1231.89,39010.01,916.24,26676.679767928,315.65,12333.327160015,5847.80919,19213.5242248595,4462.08957,13130.2065470389,1385.71962,6083.31767782055,663.26845,915.359654864189,722.45117,5167.95802295636,472.48,537848.91,472.48,537848.91,0,0,183741.458642,7225196.37890381,183981.743802,22052078.5861855,183509.263802,21514229.6761855,144940.69329,3215536.4658513,8518.56899999998,598558.862873633,136422.12429,2616977.60297766,3659.76604,9925227.53617429,1025.12302,5097948.28451781,2634.64302,4827279.25165648,4760.71352,241717.191819211,7.75045,409.509367507,4734.6148,240470.590784177,18.34827,837.091667527067,0.28454,3.095349308,0.2692,2.934881458,0.01534,0.16046785,898.33,22981.31,898.33,22981.31,10868.11477,-,1072.3971,-,9795.71767,-,15627.19678,-,11463.53382,-,4163.66296,-,2.55179,-,2.19878,-,0.35301,-,14.51783,-,96.90872,-,63.59691,-,6261.79913,-
Oct-2024,3.59073,25730863.7629224,1.68925,16664119.9679224,1.04383,1626397.3579224,0.41404,6573747.91,0.23138,8463974.7,1.73731,8046344.82,0.16417,1020398.975,267.92173,17070974.9960663,266.68994,15418777.8615053,1.23179,1652197.13456098,185187.16908,7358283.3548972,0.31,16.67,4021.91,69156.5,-,-,4668.23,629381.52,1463.68,157479.46,9183.37908,4152427.74489721,165849.66,2349821.46,1.64323,17.502927118,1871.725723,189818.156554891,24.54,772.67,-,-,1710.21,188843.53,136.975723,201.956554891,5759.31192,248618.656267312,4332.13786,201788.905015753,2196.72648,79292.80790197,2135.41138,122496.097113783,1427.17406,46829.751251559,1060.17,32091.39546909,367.00417,14738.355782469,5977.880858529,20418.986457447,4425.19617,13073.722540816,1552.684688529,7345.263916631,718.877298529,980.62911168,833.80739,6364.634804951,546.98,624056.98,546.98,624056.98,0,0,199343.067581529,8441196.13417685,199610.989311529,25512171.1302432,199064.009311529,24888114.1502432,154876.79861,3532243.45494477,9126.577,657333.42444006,145750.22161,2874910.03050471,4259.89858,11281097.8301012,1152.1854,5801815.36886079,3107.71318,5479282.46124039,5545.04143,285505.835328172,8.31826,444.256018156,5515.23295,284076.147498036,21.49022,985.43181198,0.29314,3.291746885,0.27991,3.164661585,0.01323,0.1270853,1227.3,31480.24,1227.3,31480.24,10878.00333,-,1068.89655,-,9809.10678,-,15503.37949,-,11439.31353,-,4064.06596,-,2.55675,-,2.20647,-,0.35028,-,14.50704,-,95.09265,-,64.31243,-,6168.51592,-
Sep-2024,4.077435,23840257.9739463,1.56617,14750412.1139463,0.98764,1468345.6739463,0.37272,6038101.64,0.20581,7243964.8,2.396445,8415272.56,0.11482,674573.3,233.3314,17786482.6700709,232.21216,16027654.8262375,1.11924,1758827.84383341,166626.30297,6384754.44018226,0.3,13.69,2342.41,35549.58,-,-,4299.36,565232.66,1657.93,122078.92,7908.83297,3597884.88018226,150417.47,2063994.71,1.30559,13.683704624,1805.3648,180706.78495789,18.81,567.85,-,-,1651.69,179945.47,134.8648,193.46495789,5275.26409,216303.561785489,3921.62365,176202.05391173,1978.05269,60857.091271911,1943.57096,115344.962639819,1353.64044,40101.507873759,995.04958,25776.904689455,358.59086,14324.603184304,5476.694,17489.4684411801,4054.95322,11889.2114542832,1421.74078,5600.25698689691,721.65158,857.569987066603,700.0892,4742.68699983031,484.94,543387.0,484.94,543387.0,0,0,179668.56586,7342641.25536682,179901.89726,25129123.9254377,179416.95726,24585736.9254377,144028.118,3157064.07425878,10596.33096,617324.648204204,133431.78704,2539739.42605457,3911.28462,11251664.8413762,1103.93453,5946841.97259271,2807.35009,5304822.86878347,4949.81063,245223.006982799,8.0185,417.325213246,4922.17655,243929.532208667,19.61558,876.149560886517,0.26719,2.661560052,0.25466,2.548263902,0.01253,0.11329615,975.12,23389.19,975.12,23389.19,10793.85203,-,1061.03318,-,9732.81885,-,15339.9923,-,11381.78748,-,3958.20482,-,2.55078,-,2.20152,-,0.34926,-,14.52891,-,93.42792,-,64.16121,-,6070.78667,-
Aug-2024,3.878425,23205977.77,1.61645,15544032.76,0.98761,1468219.306,0.41082,6391038.5,0.21802,7684774.95,2.130185,6911071.86,0.13179,750873.15,237.5271,15910435.79,236.33294,14385410.48,1.19416,1525025.317,166465.4972,6408703.4,0.31,13.2,2783.25,35282.81,-,-,4533.37,577887.9,1534.87,144196.03,7983.22723,3590587.89,149630.47,2060735.57,1.44532,15.18869299,1774.78,177161.64,19.06,575.89,-,-,1621.1,176386.38,134.62,199.37,5322.94213,211726.0271,3900.49324,168184.1926,2023.95092,63048.05669,1876.54232,105136.1359,1422.44915,43541.83449,1061.39893,29345.6046,361.04996,14196.22989,5466.897162,16555.08699,4092.831782,11599.07333,1374.06538,4956.01366,710.24202,908.2028032,663.82336,4047.810857,508.49,568847.64,508.49,568847.64,0,0,179538.6065,7382993.794,179776.1336,23293429.59,179267.6436,22724581.95,144463.1523,3182911.905,10667.98545,614654.3449,133795.1669,2568257.561,3980.06368,10547356.77,1159.37269,5630895.45,2820.69099,4916461.318,5157.19847,255020.5178,8.4603,433.7885735,5128.53446,253703.4513,20.20371,883.2779961,0.30492,3.001382614,0.28461,2.818116714,0.02031,0.1832659,972.97,23935.45,972.97,23935.45,10739.73584,-,1054.24368,-,9685.49216,-,15182.14305,-,11322.72087,-,3859.42218,-,2.545,-,2.19849,-,0.34651,-,14.49541,-,93.00835,-,63.97044,-,5912.92586,-
Jul-2024,4.53922,25280806.7503168,1.70582,17139102.3103168,1.03142,1524120.4103168,0.44145,7150905.0,0.23295,8464076.9,2.70933,7417106.09,0.12407,724598.35,246.67833,15970680.4135838,245.48353,14531533.4146953,1.1948,1439146.9988885,161225.50784,6480747.8083063,0.31,13.09,2481.39,28604.65,-,-,4902.84,593176.58,1479.29,132397.36,8006.13784,3662263.7183063,144355.54,2064292.41,1.39786,14.92564731,1734.76055,175789.01235375,19.25,575.03,-,-,1588.11,175013.96,127.40055,200.02235375,5294.35414,217434.87271276,3837.79537,172670.20552073,1970.93825,62284.086173126,1866.85712,110386.119347604,1456.55877,44764.66719203,1068.57603,28599.756239621,387.98226,16164.910952409,5356.709310882,16327.154471466,4009.69475,11385.728376877,1347.014560882,4941.426094589,713.965530882,939.974965511,633.04903,4001.451129078,531.0,610685.45,531.0,610685.45,0,0,174142.331840882,7500984.29784427,174389.009690882,23471664.711428,173858.009690882,22860979.261428,138523.69425,3141240.58193746,8897.45445999999,584668.511797196,129626.23979,2556572.07014027,4305.74926,10958678.4919256,1227.41209,5820941.80313084,3078.33717,5137736.68879474,5069.3808,250317.533829789,8.53592,433.306671819,5040.14444,248967.695930268,20.70044,916.531227702,0.29281,2.861018772,0.26832,2.68367029,0.02449,0.177348482,944.29,23497.57,944.29,23497.57,10677.70726,-,1045.68437,-,9632.02289,-,15211.54957,-,11419.61665,-,3791.93292,-,2.54966,-,2.20641,-,0.34325,-,14.78495,-,89.71703,-,61.86837,-,5851.13612,-
Jun-2024,4.3601,22580094.0188074,1.59961,15107943.0888074,0.97478,1372786.0488074,0.41904,6414226.44,0.20579,7320930.6,2.66876,6953168.87,0.09173,518982.06,231.83906,16037693.8480644,230.71961,14570686.3019828,1.11945,1467007.54608162,155567.02213,6073917.34048947,0.3,15.97,2929.34,43676.43,-,-,5167.51,577794.24,1311.11,113888.23,7307.34213,3331461.27048947,138851.42,2007081.2,1.41031,15.149898332,1697.72917,171468.97917,21.07,580.56,-,-,1544.59,170756.35,132.06917,132.06917,5003.43003,200080.963915435,3579.49455,158822.101380227,1895.39729,59417.1881498668,1684.09726,99404.9132303602,1423.93548,41258.8625352084,1063.57519,27629.4974162604,360.36029,13629.365118948,5236.08426,15896.9818635979,4038.05198,11297.8233668633,1198.03228,4599.15849673464,650.89008,945.680828981719,547.1422,3653.47766775292,484.42,553833.64,484.42,553833.64,0,0,167988.68559,7015197.9054385,168220.52465,23052891.7535029,167736.10465,22499058.1135029,132846.07425,3029192.58111702,8784.7329,557265.513018191,124061.34135,2471927.06809883,3780.4202,10487117.8062473,1029.33226,5573973.43266229,2751.08794,4913144.37358499,5076.56969,255228.723023707,8.28592,425.589844071,5045.81442,253843.903649873,22.46935,959.229529763003,0.2828,2.868056021,0.2677,2.753531784,0.0151,0.114524237,973.79,24426.21,973.79,24426.21,10662.37008,-,1038.13018,-,9624.2399,-,15051.29887,-,11375.61055,-,3675.68832,-,2.55951,-,2.21211,-,0.3474,-,15.24658,-,89.66994,-,61.64285,-,5770.15207,-
May-2024,4.065555,22018912.8824786,1.59791,14632647.8224786,0.98058,1363202.9824786,0.42501,6669492.64,0.19232,6599952.2,2.365795,6780828.97,0.10185,605436.09,249.71362,15186946.6283906,248.49348,13559606.4385574,1.22014,1627340.18983317,156773.58856,6279018.54148458,0.31,17.52,2295.5,37498.66,-,-,5576.99,606166.78,1074.61,132403.68,7467.74856,3457994.85148458,140358.43,2044937.05,1.61767,16.614029833,1698.668195,167035.48990493,19.33,505.68,-,-,1539.23,166305.05,140.108195,224.75990493,5105.17321,208520.230263594,3601.35663,164955.263747157,1906.57554,63831.165583973,1694.78109,101124.098163184,1503.81658,43564.966516437,1114.34556,29771.712575563,389.47071,13793.253940874,5495.99853,16696.886845598,4204.48611,11566.179300363,1291.51242,5130.707545235,689.93998,1026.851533494,601.57244,4103.856011741,524.39,611518.32,524.39,611518.32,0,0,169597.818495,7282789.4684987,169847.532115,22469736.0968892,169323.142115,21858217.7768892,133232.33364,3092907.71756028,8851.49629999999,571075.31469976,124380.83734,2521832.40286052,3812.35618,9595069.26508303,1012.10605,4905986.96665284,2800.25013,4689082.29843019,5166.41198,260240.206058611,8.63202,440.834888033,5133.5241,258784.979855776,24.25586,1014.391314801,0.32823,3.164656951,0.30858,3.022715801,0.01965,0.14194115,879.79,22803.98,879.79,22803.98,10598.98663,-,1033.00377,-,9565.98286,-,14840.91664,-,11302.14024,-,3538.7764,-,2.57098,-,2.21595,-,0.35503,-,15.69099,-,88.04156,-,61.20597,-,5690.84478,-
Apr-2024,3.531295,22115118.2029855,1.24791,14132534.9879855,0.67748,1023439.3879855,0.38141,6510576.65,0.18902,6598518.95,2.172955,7343661.62,0.11043,638921.595,235.58542,14433296.2055601,234.46121,12800746.3166163,1.12421,1632549.8889438,149083.28618,5845989.323356,0.29,19.25,2535.32,36958.94,-,-,5503.65,592278.85,964.06,121718.27,7040.02618,3230549.493356,133039.94,1964464.52,1.51527,17.554630807,1644.097622,159006.34264412,20.5,563.16,-,-,1494.37,158223.38,129.227622,219.80264412,4960.12188,200409.471636893,3441.50699,156498.377889571,1843.35568,61982.011577675,1598.15131,94516.366311895,1518.61489,43911.093747322,1126.31252,30022.206600562,392.3022,13888.885296372,5288.78813,14963.509250834,3993.2935,10506.625318251,1295.49463,4456.883932582,695.1256,961.713382403999,600.36903,3495.170550178,525.73,667829.16,525.73,667829.16,0,0,161502.023812,6888197.80688785,161737.609231999,21321494.012448,161211.879232,20653664.852448,127302.30513,2962261.68361939,8373.77751,552043.968795953,118928.52762,2410217.71482343,3796.75006,9637480.41752809,966.2457,5089148.67038237,2830.50436,4548331.74714571,5240.39502,265904.920040498,9.06622,457.71200454,5207.60143,264456.72741179,23.72737,990.480624168,0.52124,5.166159701,0.50216,5.017393301,0.01908,0.1487664,919.05,24502.25,919.05,24502.25,10534.84678,-,1025.39752,-,9509.44926,-,14716.82403,-,11294.82978,-,3421.99425,-,2.57484,-,2.22669,-,0.34815,-,17.43533,-,88.38782,-,60.7278,-,5597.20407,-
Mar-2024,3.47722,21627756.3335506,1.13878,13374679.4955506,0.59782,981056.9955506,0.35121,6226720.2,0.18975,6166902.3,2.26767,7795104.14,0.07077,457972.698,278.47261,18128366.0980789,277.24988,16588625.4915544,1.22273,1539740.60652445,152969.084,7152556.73083465,0.34,21.91,3014.53,44707.35,-,-,5806.36,634705.71,1808.71,173928.3,7939.104,4320840.23083465,134400.04,1978353.23,1.7786,20.318185847,1660.99943,165046.74575256,22.68,583.98,-,-,1492.0,164223.1,146.31943,239.66575256,5034.12916,209208.02395099,3439.37776,164459.076558307,1800.04266,60378.1571672839,1639.3351,104080.919391023,1594.7514,44748.947392683,1163.77339,29309.005661081,430.97801,15439.941731602,5804.84983,18200.3272042308,4489.8774,13741.4677824955,1314.97243,4458.85942173532,699.02074,964.313604762258,615.95169,3494.54581697306,585.31,688745.35,585.31,688745.35,0,0,166054.37242,8233757.17774243,166332.84503,26362123.2758213,165747.53503,25673377.9258213,128625.57836,3131961.2969845,8771.04231,602815.850676649,119854.53605,2529145.44630785,4250.54211,10374044.5535583,1142.99159,5235834.65269866,3107.55052,5138209.90085962,5563.96031,278270.521345792,8.83449,445.656816918,5528.6264,276713.838853524,26.49942,1111.02567534998,0.53043,5.102825374,0.51394,4.985870009,0.01649,0.116955365,1059.56,27303.46,1059.56,27303.46,10667.22135,-,1018.02736,-,9649.19399,-,16743.62719,-,13381.80355,-,3361.82364,-,2.57654,-,2.23052,-,0.34602,-,17.55119,-,89.02926,-,62.50196,-,3434.92584,3633.68865
Feb-2024,3.595425,21907760.2083988,1.45898,14722762.1858988,0.86711,1273135.40589879,0.39195,6575138.68,0.19992,6874488.1,2.041795,6537553.53,0.09465,647444.4925,238.2622,14614296.7827296,237.09489,13083464.0139768,1.16731,1530832.7687528,137733.21093,6039675.36513926,0.32,20.77,2965.77,48312.01,-,-,5346.35,568091.81,1504.81,123886.89,6889.23093,3471494.53513925,121026.73,1827869.35,1.66021,19.022,1611.25286,153734.12577399,15.43,376.18,-,-,1464.78,153173.45,131.04286,184.49577399,4634.91869,190658.442246262,3112.44411,149206.370366302,1618.50185,54431.478555987,1493.94226,94774.891810314,1522.47458,41452.0718799601,1108.96022,27918.0822914721,413.51436,13533.989588488,6470.84295,22673.7535526052,5211.84792,18434.136943311,1258.99503,4239.61660929375,702.41429,918.991569456737,556.58074,3320.62503983701,541.88,602629.64,541.88,602629.64,0,0,150992.10543,7009371.32671211,151230.36763,21623668.1094417,150688.48763,21021038.4694417,117275.03564,2828120.05017449,7774.97064,530844.946263813,109500.065,2297275.10391068,3800.36493,8867590.93601963,1008.05311,4540082.561217,2792.31182,4327508.37480263,5172.34015,257238.478632208,7.91056,395.34549289,5139.16828,255808.936638088,25.26131,1034.19650123001,0.54898,5.188933832,0.53399,5.074188082,0.01499,0.11474575,812.15,21543.2599999999,812.15,21543.2599999999,10612.7099,-,1006.00166,-,9606.70824,-,17118.53335,-,13795.75809,-,3322.77526,-,2.57438,-,2.23341,-,0.34097,-,17.01087,-,87.73202,-,61.49634,-,3371.8026,-
Jan-2024,3.7384,21705634.5643847,1.42166,14658626.6143847,0.78645,1100546.9443847,0.42643,6039056.07,0.20878,7519023.6,2.21134,6439542.68,0.1054,607465.27,230.99363,14691624.8615127,229.79278,13127719.6010194,1.20085,1563905.26049327,137068.034179999,5945126.24024744,0.36,23.72,2118.74,42872.3399999999,-,-,5087.92,566309.72,948.05,127514.32,6882.78418,3367322.17024744,122030.18,1841083.97,1.90382,21.4,1571.501029,154404.689130279,18.82,618.63,-,-,1440.08,153563.81,112.601029,222.249130279,4934.19049,211930.507199287,3289.51519,166443.933666586,1725.58618,58531.766075771,1563.92901,107912.167590815,1644.6753,45486.573532701,1193.18,30383.407036521,451.50016,15103.16649618,7087.2499,25784.379240919,5766.66666,21258.88821815,1320.58324,4525.491022768,690.66838,927.32537497,629.91486,3598.165647798,547.17,583652.73,547.17,583652.73,0,0,151208.145599,6920898.54581792,151439.139229,21612523.4073306,150891.969229,21028870.6773306,117854.92631,2815295.77320873,7654.36708,524854.442214882,110200.55923,2290441.33099385,3837.7116,9123990.12596564,1028.03949,4767035.83501854,2809.67211,4356954.2909471,5306.01327,260746.007211195,8.26371,403.680149724,5272.18696,259326.325158527,25.5626,1016.00190294,0.65467,6.222822037,0.63943,6.119440137,0.01524,0.1033819,839.66,22350.88,839.66,22350.88,10570.65802,-,995.00257,-,9575.65545,-,17676.25747,-,14396.9385,-,3279.31897,-,2.57617,-,2.23613,-,0.34004,-,17.60454,-,85.93226,-,60.03737,-,3213.79274,3379.94308
Dec-2023,3.40718,22228644.270069,1.28751,14220985.240069,0.68914,1009116.280069,0.39794,5903343.06,0.20043,7308525.9,2.01356,7392675.11,0.10611,614983.92,230.38753,15888777.9933948,229.22754,14244586.459418,1.15999,1644191.53397683,134755.91847,5917191.42157405,0.32,22.74,1580.49,27013.24,-,-,4987.93,570126.07,1310.99,128244.21,6673.92847,3368835.71157405,120202.26,1822949.45,2.05547,25.779594,1557.7372,152704.7890048,14.09,477.57,-,-,1403.46,151990.58,140.1872,236.6390048,4983.15172,213053.754514233,3214.99532,165119.23511003,1706.7044,58300.1774819794,1508.29092,106819.057628051,1768.1564,47934.519404203,1301.59292,32225.349263098,466.56348,15709.17014,7235.20208,26172.86395,5960.57153,21731.61843,1274.63055,4441.24552084039,709.64774,915.331158828798,564.98281,3525.91436201159,547.23,592971.87,547.23,592971.87,0,0,149079.23947,6902094.69904643,149309.627,22790872.6924412,148762.397,22197900.8224412,116329.75015,2804467.44729959,7372.03791,508669.038877376,108957.7122,2295798.40842222,3836.26423,9388620.23265981,1050.95911,4862569.70506199,2785.30512,4526050.52759782,5463.59698,269288.494923601,8.18924,404.960684061,5428.47035,267842.503582792,26.93739,1041.030656748,0.66251,6.4165981,0.66002,6.4043096,0.00249,0.0122885,929.51,24592.06,929.51,24592.06,10587.85305,-,979.04611,-,9608.80694,-,17544.33937,-,14293.00822,-,3251.33115,-,2.57901,-,2.23827,-,0.34074,-,16.88558,-,85.67404,-,59.56884,-,3170.65667,-
Nov-2023,3.07793,21011084.5198644,1.2404,13568124.4498644,0.64314,939382.0898644,0.40934,5919153.66,0.18792,6709588.7,1.73695,6922315.16,0.10058,520644.91,219.19829,13591442.5325606,218.04575,12078797.1053345,1.15254,1512645.42722612,128072.72631,5673302.60909779,0.3,18.66,3221.01,47635.28,-,-,4723.84,535001.71,1380.65,142414.9,6394.00631,3208491.44909779,112352.92,1739740.61,2.69386,37.4146067,1527.83535,142456.18405474,18.82,589.67,-,-,1376.66,141646.1,132.35535,220.41405474,4742.55537,210038.117243248,2970.89633,160643.965881132,1583.65586,59014.931642955,1387.24047,101629.034238178,1771.65904,49394.151362115,1301.94738,34379.1944995579,469.71166,15014.9568625569,6510.09429,24247.54019,5308.63453,19853.2244320034,1201.45976,4394.315759,662.14005,890.692732225855,539.31971,3503.62302651963,525.55,558865.88,525.55,558865.88,0,0,141378.76132,6608910.33058653,141597.95961,20200352.8631471,141072.40961,19641486.9831471,108646.1177,2646783.38448408,6927.97743,478325.841906975,101718.14027,2168457.54257711,3622.58139,8033440.16771597,988.61852,4130936.39100399,2633.96287,3902503.77671198,5542.63629,276530.367306852,7.89341,391.231382343,5505.75141,275032.398845051,28.99147,1106.73707945801,0.75323,7.312047998,0.74817,7.292146748,0.00506,0.01990125,1079.59,28971.99,1079.59,28971.99,10725.70823,-,960.01382,-,9764.98674,-,16944.3055,-,13758.2083,-,3186.0972,-,2.57845,-,2.23893,-,0.33952,-,15.87203,-,84.32188,-,58.74077,-,3087.38854,-
Oct-2023,3.312815,21422005.0492919,1.25681,13902084.979292,0.66069,889348.549292,0.40095,5760792.58,0.19517,7251943.85,1.960405,7018310.07,0.0956,501610.0,224.61619,13464400.460159,223.47765,11899324.3990395,1.13854,1565076.06111952,128356.31695,5667253.62752295,0.31,20.08,1745.79,19666.04,-,-,4928.8,538238.51,1278.99,131545.92,6314.52695,3262014.73752295,114087.9,1715768.34,2.63352,37.6725667,1499.65983,139050.41833854,15.14,525.309999999999,-,-,1348.29,138287.31,136.22983,237.79833854,5104.71192,230670.267686236,3200.47713,178569.12678359,1596.74344,57774.35478377,1603.73369,120794.77199982,1904.23479,52101.140902639,1375.2848,33730.825654672,528.94999,18370.315247967,6687.84096,25011.833383245,5329.31675,20649.42226386,1358.52421,4362.41111938596,735.65255,872.369060060225,622.87166,3490.04205932573,559.9,584454.15,559.9,584454.15,0,0,142208.42966,6646440.29693097,142433.04585,20110840.75709,141873.14585,19526386.60709,109334.05345,2619085.83304289,6877.67994,474252.8863,102456.3735,2144832.947,3736.00269,8464802.29207208,983.49617,4400612.28082524,2752.50652,4064190.01124684,5721.32285,277831.827311866,8.53926,412.637324743,5683.38459,276289.3258,29.399,1129.864197022,0.84694,8.288764111,0.84182,8.264997611,0.00512,0.0237665,986.49,25378.31,986.49,25378.31,10748.81563,-,947.10817,-,9801.70746,-,16830.81747,-,13668.03105,-,3162.78642,-,2.58164,-,2.23473,-,0.34691,-,15.30287,-,83.48085,-,59.74796,-,3017.20198,-
Sep-2023,3.73128,21104038.7351032,1.52333,13723954.2451032,0.92758,1211320.2151032,0.40527,5629136.38,0.19048,6883497.65,2.09692,6811643.49,0.11103,568441.0,213.93514,14545183.356931,212.80491,12960209.5631238,1.13023,1584973.79380717,119215.717,5340255.81640392,0.30912,21.0871234,1818.74,17942.94,-,-,4728.96566,507497.240656395,1512.78,109471.78,5598.05222,3126189.58862412,105556.87,1579133.18,2.51814,37.1150409,1514.68027,138748.17760341,13.86706,441.1127347,-,-,1371.81,138081.02,129.00321,226.04486871,4578.47251,189185.989335115,2739.42907,142319.550735162,1420.9553,49440.3619596385,1318.47377,92879.1887755231,1839.04344,46866.438599953,1326.08592,30511.730699922,513.25557,16354.707900031,-,23667.7839709116,4927.09723,19944.0733443465,1216.06515,3723.71062656503,707.39108,841.777304377122,508.67407,2881.93332218791,538.35,575020.95,538.35,575020.95,0,0,131990.38216,6266878.71731335,132204.3173,20812062.0742443,131665.9673,20237041.1242443,101214.60712,2434720.683957,6606.30189,446013.684003967,94608.30523,1988706.99995303,3650.25504,8219961.06844638,988.09692,4179061.4386605,2662.15812,4040899.62978589,5377.21687,260513.733521779,7.85303,379.868026212,5340.69516,259071.925502748,28.66868,1061.93999281904,0.96556,9.211666914,0.95914,9.185653914,0.00642,0.026013,991.42556,25476.9694495,991.42556,25476.9694495,10713.03683,-,930.17482,-,9782.86201,-,16718.12187,-,13588.07087,-,3130.051,-,2.5794,-,2.22951,-,0.34989,-,14.8734,-,83.03183,-,59.81788,-,2950.05751,-
Aug-2023,3.825125,21796084.535426,1.45688,14374901.495426,0.81539,1075273.415426,0.43901,6265270.53,0.20248,7034357.55,2.228805,6636448.04,0.13944,784735.0,218.08172,13742007.2158841,216.87951,12202746.7178332,1.20221,1539260.49805087,119823.48693,5374181.41293235,0.34223,21.7860346,1791.92,20129.45,-,-,4891.64875,514279.534844458,1627.49,128612.45,5651.9226,3134601.65409347,105860.16335,1576536.53795982,2.60105,40.5859093,1522.83424,135193.15218208,13.95702,415.768216,-,-,1374.16,134542.99,134.71722,234.39396608,4981.71752,201281.675773353,2905.77652,148602.00749765,1520.79075,52960.7048852363,1384.98577,95641.3026124141,2075.941,52679.668275703,1495.72454,34604.610196721,580.21646,18075.058078982,6366.80244029412,23669.2496105695,5067.33649,20002.0206018485,1299.46595029412,3667.22900872096,729.385310294118,854.939087749255,570.08064,2812.2899209717,565.42099,593323.03599,565.42099,593323.03599,0,0,133260.262120294,6327648.52648836,133478.343840294,20069655.7423724,132912.922850294,19476332.7063824,101423.21481,2423256.60108205,6553.01701,439916.208866417,94870.1978,1983340.39221563,3790.98298,8295084.55544447,1033.67868,4490488.17308154,2757.3043,3804596.38236293,5723.30683,273106.76971719,8.08514,382.775672995,5685.10399,271611.683369746,30.1177,1112.31067444907,1.25551,12.195858925,1.24994,12.168971975,0.00557,0.02688695,1055.41564,27022.6977168,1055.41564,27022.6977168,10693.35178,-,912.78257,-,9780.56921,-,16625.74453,-,13483.9094299999,-,3141.8351,-,2.57923,-,2.22529,-,0.35394,-,15.2917,-,82.46614,-,58.99351,-,2881.64224,-
Jul-2023,3.82778,21113033.0093187,1.52896,14338395.3493187,0.86836,1200245.2893187,0.46066,6722021.81,0.19994,6416128.25,2.16652,5937049.66,0.1323,837588.0,211.89226,13124561.2729123,210.72409,11615417.3159807,1.16817,1509143.95693157,114189.63294,5250942.51203078,0.32364,21.6295032,2850.05406,45524.125882846,-,-,4897.10132,512311.867930927,1322.80366,110184.013246704,5476.79345,3049364.43442081,99642.55681,1533536.44104629,2.77235,43.0495296,1473.10154,130930.689705647,14.41692,456.9963138,-,-,1327.0639,130240.453649927,131.62072,233.23974192,4882.21344,198421.453156785,2780.8989,145108.320193648,1434.20966,49789.4278481443,1346.68924,95318.892345504,2101.31454,53313.132963137,1485.20969,33512.502870594,616.10485,19800.630092543,6393.08149181818,23237.8602435676,5068.52741,19735.8143329305,1324.55408181818,3502.0459106371,714.149991818182,775.396857922356,610.40409,2726.64905271474,555.48,587309.72,555.48,587309.72,0,0,127493.509411818,6190842.23513678,127705.401671818,19315403.5080491,127149.921671818,18728093.7880491,93340.30869,2316953.51151491,6400.03219,428279.172971499,86940.2765,1888674.33854341,3938.94565,8157864.28332294,1107.73686,4353819.65723805,2831.20879,3804044.62608489,5590.95634,269298.125798381,7.57911,356.929159834,5553.98241,267869.879527067,29.39482,1071.31711148005,2.23161,21.845619854,2.22629,21.817425854,0.00532,0.028194,1078.92161,28949.970492073,1078.92161,28949.970492073,10606.13777,-,898.73251,-,9707.40526,-,16646.89125,-,13678.38433,-,2968.5069,-,2.57038,-,2.2148,-,0.35558,-,15.36551,-,81.22659,-,58.05513,-,2807.25218,-
Jun-2023,3.812105,22638087.739,1.54168,15259735.549,0.88044,1299038.829,0.45146,7312076.22,0.20978,6648620.5,2.174675,6854522.19,0.09575,523830.0,212.30113,14336617.144495,211.10087,12739932.1322718,1.20026,1596685.01222322,106299.37828,5151212.79644835,0.3,20.4016938,1875.41112,25772.042457108,-,-,4681.01559,500481.964351757,1294.91313,109983.481697949,5097.12355,3039490.6450914,93350.61489,1475464.26115634,2.18452,30.3848908,1453.92009,129549.308894936,14.83,487.23,-,-,1296.37639,128819.004886836,142.7137,243.0740081,4731.28561,188283.685712243,2629.04944,137234.338880865,1378.70682,48854.0583962963,1250.34262,88380.2804845682,2102.23617,51049.346831379,1499.66109,33778.472539617,602.57508,17270.874291762,6569.81722,23509.006125333,5303.68418,19762.3772241355,1266.13304,3746.62890119752,681.07401,1016.95737033163,585.05903,2729.67153086589,539.36,578306.15,539.36,578306.15,0,0,119593.7612,6070860.94718086,119806.06233,20407478.0916759,119266.70233,19829171.9416759,88097.74143,2243152.29733885,6145.85025,416271.163250913,81951.89118,1826881.13408794,3566.28993,8354717.16715325,929.63483,4456178.53903574,2636.6551,3898538.62811751,5577.4471,274069.530554961,7.43437,352.091864121,5540.42939,272642.959589611,29.58334,1074.47910122904,2.29464,22.71680393,2.28773,22.67472173,0.00691,0.0420822,943.7675,25990.6185511,943.7675,25990.6185511,10645.15487,-,886.82356,-,9758.33131,-,16709.13757,-,13409.30037,-,3299.8372,-,2.59146,-,2.22965,-,0.36181,-,14.95632,-,80.93909,-,56.88369,-,2720.15427,-
May-2023,4.026635,22537633.5872546,1.62676,15227195.575,0.98186,1326724.485,0.4482,7732270.29,0.1967,6168200.8,2.231755,6189355.86,0.16812,1121082.15225465,220.45538,12882587.1237546,219.20502,11413320.9635304,1.25036,1469266.16022425,107130.9312,5196719.99864985,0.34,23.17,1838.9361,31424.290047913,-,-,5015.49,527557.73,1227.66176,122238.805428142,4896.65746,3026330.5609589,94151.84588,1489145.4422149,1.74946,20.7054671,1457.43483,125654.49173927,15.45,535.33,-,-,1288.88231,124863.56619447,153.10252,255.5955448,4974.50967,193435.505044153,2734.74265,140659.599451197,1419.98076,50810.990191303,1314.76189,89848.609259893,2239.76702,52775.905592956,1592.87361,35588.781351593,646.89341,17187.124241363,7064.29685,24239.609205781,5669.84894,20339.097423051,1394.44791,3900.511782731,721.63081,1189.909167146,672.8171,2710.602615585,572.39,627771.97,572.39,627771.97,0,0,121199.56255,6167821.57463906,121420.01793,19050408.6983937,120847.62793,18422636.7283937,87100.7008,2268478.87324167,6127.7334675,424313.719786138,80972.9673325,1844165.15345553,3598.98786,7800962.35108724,916.89623,4116658.33606887,2682.09163,3684304.01501837,5694.72313,279621.395530781,7.72941,366.277407356,5655.90831,278080.496533375,31.08541,1174.62159005,2.32763,22.786236204,2.3126,22.731637454,0.01503,0.05459875,979.64,27468.73,979.64,27468.73,10616.73546,-,877.47311,-,9739.26235,-,16638.54803,-,13373.56495,-,3264.98308,-,2.55796,-,2.19541,-,0.36255,-,14.65633,-,79.60626,-,55.4543,-,2667.57057,-
Apr-2023,3.208685,20115130.7887007,1.32165,13093141.6987007,0.79212,1158659.7087007,0.36151,6633808.34,0.16802,5300673.65,1.792475,6450150.9,0.09456,571838.19,201.56669,11876805.5406198,200.44134,10452024.049806,1.12535,1424781.49081374,100492.45387,4834440.84478246,0.36,24.6193094,1066.77474,19744.320309006,-,-,4957.92846,521050.258366432,1009.42126,117078.640962365,4825.37399,2761038.29129113,88632.59542,1415504.71454413,1.63557,18.7984621,1398.57688,120184.747081282,16.09,603.91,-,-,1242.931,119337.602242582,139.55588,243.2348387,4887.93514,187395.896551881,2592.55046,132768.507199508,1408.2001,51624.4510704583,1184.35036,81144.0561290501,2295.38468,54627.3893523731,1633.95553,37646.9544341921,661.42915,16980.434918181,6442.15668,22633.8470667835,5153.28035,18901.3401133674,1288.87633,3732.50695341615,676.69103,1079.22227564881,612.1853,2653.28467776734,554.06,639281.14,554.06,639281.14,0,0,113775.18257,5803936.47548241,113976.74926,17680742.0161022,113422.68926,17041460.8761022,83357.172394296,2154812.61212245,5789.5505,402248.402957824,77567.621894296,1752564.20916463,3406.05386,7036658.27928466,855.07423,3713764.17561813,2550.97963,3322894.10366653,5707.20304,282873.051249151,7.49303,356.758416777,5667.30618,281247.774068701,32.40383,1268.51876367301,2.10645,20.818627177,2.08814,20.734825677,0.01831,0.0838015,998.82,28953.7,998.82,28953.7,10535.24504,0,865.12698,0,9670.11806,0,16585.83726,0,13338.66434,0,3247.17292,0,2.553,0,2.19447,0,0.35853,0,14.27883,0,78.37235,0,54.35545,0,2609.07677,0
Mar-2023,3.659235,22458407.505943,1.2524,14269423.675943,0.65089,952079.045943,0.39686,6682508.38,0.20465,6634836.25,2.276135,7329086.83,0.1307,859897.0,248.01308,16122902.2400097,246.65929,14416322.4275812,1.35379,1706579.81242852,100851.11578,5906935.52808755,0.36,23.5091312,1932.06597,26400.200831979,-,-,4970.56471,546234.654623011,1962.73037,178757.16140585,5469.05709,3750569.40767311,86516.33764,1404950.5944224,1.50389,17.5560177,1403.3887,126112.957731009,12.92,491.71,-,-,1246.52996,125375.590392309,143.93874,245.6573387,5016.78553,191035.142728038,2634.2898,137311.126904638,1404.59965,50920.2003091369,1229.69015,86390.926595501,2382.49573,53724.0158234,1652.34771,35222.228020457,730.14802,18501.787802943,6402.37722,24004.9870971498,5183.31772,19681.0536317863,1219.0595,4323.93346536349,705.69552,1040.99123715871,513.36398,3282.94222820478,642.76,706181.13,642.76,706181.13,0,0,114316.42723,6954269.74564374,114564.44031,23077171.9856535,113921.68031,22370990.8556535,81648.69076,2250093.73212107,5868.831,436884.547912316,75779.85976,1813209.18420875,3879.50917,8981726.91798968,987.20946,4769893.99748115,2892.29971,4211832.92050853,5921.71709,286761.589884338,8.2649,401.522480807,5878.88749,284949.024648691,34.5647,1411.04275483999,2.32255,22.644045028,2.30733,22.550813348,0.01522,0.09323168,1083.60587,30014.62331005,1083.60587,30014.62331005,10465.62002,0,853.03238,0,9612.58764,0,16185.22038,0,13384.65346,0,2800.56692,0,2.58534,0,2.22743,0,0.35791,0,16.10556,0,77.89512,0,53.82044,0,2563.7676,0
Feb-2023,3.51103,22281370.1309718,1.26599,14888685.3599718,0.67551,895740.3799718,0.37867,6436404.48,0.21181,7556540.5,2.11285,6602897.26,0.13219,789787.511,200.49719,12053579.0278779,199.35449,10566198.179475,1.1427,1487380.84840282,88539.08533,4647461.0818473,0.31,22.4406619,2519.89059,35468.298845698,-,-,4478.13222,468647.132899237,1517.57434,131504.734850589,4675.60818,2775971.89458987,75347.57,1235846.58,1.51107,17.4548987,1359.78696,115271.897247705,11.4981,454.07170885,-,-,1209.13295,114587.274994325,139.15591,230.55054453,4588.51284,168377.70915307,2323.20224,118684.323662248,1255.88235,44610.8351025749,1067.31989,74073.4885596733,2265.3106,49693.385490822,1581.94739,33432.21433702,683.36321,16261.171153802,6050.88505,22398.8844155418,4929.03986,18355.6391799659,1121.84519,4043.24523557588,63.06734,791.746459120038,1058.77785,3251.49877645584,553.9,565690.47,553.9,565690.47,0,0,101092.17018,5519200.04266362,101292.66737,17572779.0705415,100738.76737,17007088.6005415,72542.86457,1930128.81254062,5107.77473,353815.216613201,67435.08984,1576313.59592742,3319.03832,7380903.67064937,834.5529,4172937.45655036,2484.48542,3207966.21409901,5472.32698,263680.647235251,7.38842,357.816497993,5433.46477,262097.7989911,31.47379,1225.031746158,2.17292,21.460050404,2.16186,21.413907354,0.01106,0.04614305,918.4382,25483.1593251,918.4382,25483.1593251,10374.87305,0,833.65756,0,9541.21549,0,16109.65202,0,13335.09856,0,2774.55346,0,2.56879,0,2.20723,0,0.36156,0,15.5944,0,77.58264,0,52.2233,0,2500.89414,0
Jan-2023,3.66341,21571346.086681,1.16543,14383733.9405197,0.60162,785714.0205197,0.35062,5556922.42,0.21319,8041097.5,2.39515,6553595.94,0.10283,634016.206161351,204.17906,12546466.7686215,202.99184,11028450.4994406,1.18722,1518016.26918094,92396.07,4738328.25,0.32,22.73,1112.35,19955.69,-,-,4745.08,477491.47,1354.13,131619.62,4798.31,2810179.96,80385.88,1299058.78,1.79243,19.48505,1360.35751,115657.513812682,13.01,468.35,-,-,1202.7886,114952.752411782,144.55891,236.4114009,5103.61148,183460.348306257,2593.52054,127682.395559395,1409.18856,48934.071106869,1184.33198,78748.324452526,2510.09094,55777.952746862,1742.50574,37520.427242989,767.5852,18257.525503873,6129.40279,22193.1903901462,4873.9598,17899.1277463739,1255.44299,4294.06264377235,64.5862,773.617299947094,1190.85679,3520.44534382526,573.18,570639.37,573.18,570639.37,0,0,105562.62178,5630278.67250909,105766.80084,18176745.4411306,105193.62084,17606106.0711306,75947.75008,1962894.90954219,4884.24973,345334.105199376,71063.50035,1617560.80434281,3544.66888,7327328.17590901,889.79087,4089461.79841978,2654.87801,3237866.37748923,5750.37058,272142.317513087,8.12571,385.495093374,5709.48261,270595.343654418,32.76226,1161.478765295,2.43657,23.877441896,2.42054,23.806551396,0.01603,0.0708905,963.46,26202.86,963.46,26202.86,10280.33117,0,824.52029,0,9455.81088,0,16029.29195,0,13244.33825,0,2784.9537,0,2.57693,0,2.20814,0,0.36879,0,14.74548,0,76.57412,0,50.57494,0,2442.34238,0
Dec-2022,3.424545,22326077.1166272,1.18798,15144168.5166272,0.60221,711065.1666272,0.35526,6125369.75,0.23051,8307733.6,2.164415,6670288.6,0.07215,511620.0,215.0315,13736057.1763662,213.80088,12180091.0546255,1.23062,1555966.12174072,90675.95151,4928330.61783734,0.32,20.93,1157.66,20670.47,-,-,4858.37,486552.13,1515.84,157435.06,4854.81151,2981681.16783734,78288.95,1281970.86,1.91635,18.9056357,1357.72229,116425.422301,12.71,445.94,-,-,1198.55,115737.14,146.46229,242.342301,5223.56752,185149.729380532,2556.46505,126523.68982179,1405.78775,48611.077181548,1150.6773,77912.612640242,2667.10247,58626.039558742,1859.32815,39573.764306007,807.77432,19052.275252735,6354.65121,22648.1932588566,5012.707,18399.697108958,1341.94421,4248.49614989862,61.57858808,721.933712750162,1280.36562192,3526.56243714846,608.14,619903.47,608.14,619903.47,0,0,104220.03253,5872457.43277773,104435.06403,19608514.609144,103826.92403,18988611.139144,74415.82829,1991762.7709251,5560.78264,375774.647044791,68855.04565,1615988.12388031,3661.95187,8544691.60748882,949.91147,4926079.45242147,2712.0404,3618612.15506735,5891.78313,280465.15672279,8.1283,392.054547736,5850.32896,278927.157300544,33.32587,1145.94487451,2.37276,23.23054234,2.3564,23.15501774,0.01636,0.0755246,934.53,25483.73,934.53,25483.73,10206.52766,0,811.86874,0,9394.65892,0,16234.68954,0,13346.64359,0,2888.04595,0,2.5652,0,2.19976,0,0.36544,0,14.19271,0,75.50065,0,49.58536,0,2361.81825,0
Nov-2022,3.667855,22488758.0114767,1.25521,15457897.4614767,0.66259,759097.4114767,0.35797,6039867.55,0.23465,8658932.5,2.333365,6577285.55,0.07928,453575.0,206.45798,12291749.4858536,205.2969,10691727.0198254,1.16108,1600022.46602818,84557.58162,4527540.1636265,0.51,29.3,1065.62,9459.57,-,-,4634.8,454678.67,1373.88,141900.88,4388.30132,2730878.35021899,73094.4703,1190593.39340752,1.79297,18.9056357,1316.6,110180.7,14.52,474.9,-,-,1164.17,109478.54,137.91,227.26,4956.01604,170387.625359265,2347.73323,114793.948504411,1275.99426,43455.99108623,1071.73897,71337.957418181,2608.28281,55593.676854854,1779.46232,37238.361909426,828.82049,18355.314945428,6075.20339381692,22808.4021642627,4730.06734,17341.9964454798,1345.13605381692,5466.40571878286,77.71804,1038.89465839998,1267.41801381692,4427.51106038288,592.55,585389.37,592.55,585389.37,0,0,97497.9510538169,5416306.26115003,97704.4090338169,17708055.7470036,97111.8590338169,17122666.3770036,70188.36017,1874436.45453659,5342.58966,355045.388909776,64845.77051,1519391.06562682,3486.07206,7786126.76390941,870.3334,4606598.19784345,2615.73866,3179528.56606595,5608.37743,265635.793483889,7.59257,366.841635792,5568.42372,264180.382084899,32.36114,1088.569763198,2.28591,22.204451323,2.26326,22.102217273,0.02265,0.10223405,944.92,25540.74,944.92,25540.74,10283.35199,0,806.06319,0,9477.2888,0,16098.31726,0,13269.83412,0,2828.48314,0,2.55376,0,2.19796,0,0.3558,0,13.34449,0,73.51681,0,48.24864,0,2302.87297,0
Oct-2022,3.05693,20887701.935847,1.07387,13863316.365847,0.54308,672815.865847,0.30581,5277167.5,0.22498,7913333.0,1.90362,6514292.07,0.07944,510093.5,190.3365,11551276.861246,189.18213,10015711.4899865,1.15437,1535565.37125955,85748.54514,4557107.24426106,0.56,30.62,1843.72,25461.8,-,-,4824.59,466081.77,1454.99,127118.45,4570.47514,2726827.10426106,73054.21,1211587.5,1.25864,15.0170519,1297.79,106956.04,19.99,603.83,-,-,1139.92,106131.34,137.88,220.87,5516.39757,195998.495529391,2554.01954,129048.201890468,1400.50765,51183.4752365911,1153.51189,77864.726653877,2962.37803,66950.293638923,2045.27467,46016.483683469,917.10336,20933.809955454,6167.35128,24296.3680312805,4877.03816,18450.2730409308,1290.31312,5846.09499034971,83.89488764,1168.87977010679,1206.41823236,4677.21522024292,561.89,549637.09,561.89,549637.09,0,0,99291.97399,5433995.23782173,99482.31049,16985272.0990678,98920.42049,16435635.0090678,70328.73688,1876993.39042155,5473.11261,351669.008897264,64855.62427,1525324.38152428,3619.14903,7172840.42187188,873.32485,4126601.83716984,2745.82418,3046238.58470204,6124.45637,292143.657903263,7.67402,374.652228222,6078.30447,290556.589965747,38.47788,1212.41570929404,2.13933,20.9423630204,2.10778,20.739363265,0.03155,0.2029997554,1156.16,30462.95,1156.16,30462.95,10235.99418,0,793.67754,0,9442.31664,0,15985.59183,0,13195.92302,0,2789.66881,0,2.55442,0,2.2015,0,0.35292,0,12.90549,0,72.11092,0,47.19014,0,2253.22669,0
Sep-2022,3.965,24321857.965,1.51214,16060463.285,0.85628,1027325.715,0.3575,6014630.07,0.29836,9018507.5,2.34413,7499480.68,0.10873,761914.0,198.30016,13789637.1244636,197.10266,12094321.2498945,1.1975,1695315.87456904,79564.55791,4621356.6448141,0.54998,31.5058895,1170.39797,12805.086750537,-,-,4622.31,454451.31,1630.848,114717.837435571,4332.45421,2922912.81478488,67807.99775,1116438.08995362,1.46831,16.8736594,1257.33936,106117.56914529,16.35265,516.430400296,-,-,1114.09087,105389.691555144,126.89584,211.44718985,5352.43391,183297.749961255,2453.05576,122093.835733839,1311.62791,44968.780900956,1141.42785,77125.054832883,2899.37815,61203.914227416,1887.57942,38093.194040871,1011.79873,23110.720186545,6048.61022,24090.2241512979,4706.99,17915.0,1341.62022,6175.22415129791,79.4118075,1171.59384438929,1262.2084125,5003.63030690862,603.84,590572.65,603.84,590572.65,0,0,92826.7814,5525434.83807195,93025.08156,19315071.9625355,92421.24156,18724499.3125355,65660.54919,1791833.91722962,5133.31132,348493.952032699,60527.23787,1443339.96519692,3576.41223,8423480.6535718,918.60265,4985304.85843141,2657.80958,3438175.79514039,5725.73169,265242.57146468,7.22457,350.524348069,5684.15012,263765.233251698,34.357,1126.81386491308,2.70666,33.999090573,2.66937,33.732504573,0.03729,0.266586,1004.99433,26097.3669235,1004.99433,26097.3669235,10162.39642,0,777.01744,0,9385.37898,0,15860.17604,0,13106.33138,0,2753.84466,0,2.54718,0,2.20077,0,0.34641,0,12.42683,0,70.35017,0,48.64347,0,2164.29798,0
Aug-2022,3.29817,20028643.7228042,1.32606,13493765.1328042,0.75422,888831.9128042,0.32127,5251882.72,0.25057,7353050.5,1.88592,5970121.59,0.08619,564757.0,188.0802,11665582.7086896,186.9161,10274479.599017,1.1641,1391103.10967254,77757.94667,4288962.97595693,0.54,30.25,1162.46,9662.47,-,-,4669.09,445988.99,1940.04,128480.09,4166.75667,2631639.00595693,65819.06,1073162.17,1.6318,17.0881482,1247.14731,102824.443676599,17.57,515.51,-,-,1097.38,102099.67,132.19731,209.263676599,5481.3005,174516.211164783,2447.83112,112357.556157457,1330.53592,44943.165468875,1117.2952,67414.390688582,3033.46938,62158.655007326,2009.830455,40552.4363709887,1023.638925,21606.2186363373,6177.68613,24625.421185661,4877.42095,18494.7597777506,1300.26518,6130.66140791044,83.89793,1177.30083896903,1216.36725,4953.36056894141,576.17,547503.24,576.17,547503.24,0,0,91240.25061,5138432.29198397,91428.33081,16804015.0006735,90852.16081,16256511.7606735,65313.24327,1742249.7460606,6590.61813,363857.231514317,58722.62514,1378392.51454629,3529.19414,7342636.42484946,932.4139,4304970.0971625,2596.78024,3037666.32768696,5766.61389,268788.078674324,7.4624,358.629566041,5723.84459,267288.749811409,35.3069,1140.69929687406,2.18921,20.937222986,2.1615,20.706636436,0.02771,0.23058655,1061.82,26192.93,1061.82,26192.93,10130.17428,0,779.91469,0,9350.25959,0,15678.9977,0,12948.74645,0,2730.25125,0,2.53756,0,2.19801,0,0.33955,0,11.70609,0,70.57534,0,47.49103,0,2092.54445,0
Jul-2022,3.388,21126043.982,1.32782,14218681.012,0.70971,851203.932,0.34272,5764070.43,0.27539,7603406.65,1.92954,6272727.97,0.13064,634635.0,189.2627,11551439.6804396,188.06076,9927090.96127113,1.20194,1624348.71916844,74673.64279,4267239.14695042,0.68,39.51,1259.99,12510.93,-,-,4608.3,444540.95,1892.88,119676.76,4018.39279,2627353.95695042,62893.4,1063117.04,1.61638,17.6471515,1217.96636,100581.209887319,21.26,620.52,-,-,1067.05,99753.52,129.65636,207.169887319,5481.80289,180370.692991089,2348.33761,115855.731511351,1220.69302,41766.618954721,1127.64459,74089.1125566302,3133.46528,64514.961479738,2052.26473,41197.5861747208,1081.20055,23317.3753050172,6195.34292,25308.8560213037,4855.86782,18774.5317969127,1339.4751,6534.32422439108,85.42615,1284.66694027984,1254.04895,5249.65728411123,588.67,579380.83,588.67,579380.83,0,0,88157.42496,5152880.73585013,88346.68766,16704320.4162897,87758.01766,16124939.5862897,61437.97675,1699579.50642309,4902.42797,324002.666932394,56535.54878,1375576.8394907,3756.51559,7387328.25116136,934.78255,4450728.88855588,2821.73304,2936599.36260548,5777.8847,272103.395956431,6.95063,342.404162526,5735.51845,270609.048199317,35.41562,1151.94359458786,2.25809,22.073849896,2.24677,21.985147346,0.01132,0.08870255,1082.22,29517.48,1082.22,29517.48,10083.90216,-,802.55722,0,9281.34494,-,15621.99358,-,12922.64829,0,2699.34529,-,2.53819,0,2.20232,0,0.33587,0,11.35832,-,68.19488,0,45.21093,0,2013.0164,-
Jun-2022,3.422305,22912930.0064791,1.32128,15445511.4564791,0.67942,844409.2764791,0.33842,5627914.63,0.30344,8973187.55,1.968945,6778124.55,0.13208,689294.0,194.41531,12356053.5324738,193.17814,10840908.9415766,1.23717,1515144.59089712,69921.2685,4298157.62373906,0.62,36.72,1222.24,23010.46,-,-,4557.01,443776.04,1489.99,100908.9,4022.3285,2716012.88373906,58629.08,1014412.62,0.99136,12.4759208,1225.95609,100325.475088319,39.82,1048.98,-,-,1048.14,99060.07,137.99609,216.425088319,5369.44381,169636.426355387,2279.45728,108751.633649997,1210.50714,40465.5133342157,1068.95014,68286.1203157812,3089.98653,60884.79270539,2012.27015,39870.5704502352,1077.71638,21014.2222551547,6258.02573,24738.1989019182,4979.19308,18488.216020958,1278.83265,6249.98288096015,87.21751,1300.84790662501,1191.61514,4949.13497433514,593.73,593184.86,593.73,593184.86,0,0,83368.42413,5186042.58408468,83562.83944,17542096.1165584,82969.10944,16948911.2565584,55965.359335,1631824.01772168,4309.58486,305197.386145873,51655.774475,1326626.63157581,3572.21544,8264386.49534405,870.15678,5147947.25285952,2702.05866,3116439.24248452,5730.78425,271367.4790587,6.78762,335.663431902,5690.79212,269935.471487439,33.20451,1096.3441393587,2.29924,22.487479161,2.2722,22.355060511,0.02704,0.13241865,1167.16,31318.27,1167.16,31318.27,9941.73721,0,787.22617,0,9154.51104,0,15608.66026,0,12932.46183,0,2676.19843,0,2.52841,0,2.20015,0,0.32826,0,10.71631,0,65.9089,0,42.80392,0,1952.91415,0
May-2022,3.32448,19742338.9772545,1.23094,13110275.4235545,0.66044,832089.1535545,0.31195,4940038.32,0.25855,7338147.95,1.98446,6039212.56,0.10908,592850.9937,195.72062,11183946.972036,194.53152,9851273.84742209,1.1891,1332673.12461394,72187.50486,4177865.19216383,0.58,36.04,2268.03,41011.49,-,-,4848.13,452328.12,1794.53,97341.4,3813.34486,2546927.61216383,59462.89,1040220.53,0.99604,13.910137696,1177.31533,95541.506025386,17.81,571.34,-,-,1018.05,94751.72,141.45533,218.446025386,5693.67882,179493.501646589,2378.03107,113693.594173188,1220.26225,42265.612566146,1157.76882,71427.981607042,3315.64775,65799.907473401,2150.28115,44272.54806258,1165.3666,21527.359410821,6529.11108,25698.3644645353,5198.06027,19616.40114616,1331.05081,6081.96331837526,92.79666,1335.82282940707,1238.25415,4746.14048896819,590.44,594561.95,590.44,594561.95,0,0,86178.05009,5073160.51430034,86373.77071,16257107.4863364,85783.33071,15662545.5363364,57896.18537,1672651.05704861,4617.47867,318546.263961485,53278.7067,1354104.79308713,3015.14639,5707943.66211728,675.56586,3628328.42052217,2339.58053,2079615.24159511,5868.44795,280266.70142485,6.64475,328.077733876,5829.01359,278832.7767005,32.78961,1105.84699047371,2.23156,21.832366008,2.20175,21.643857658,0.02981,0.18850835,1073.66,29827.78,1073.66,29827.78,9944.9826,0,768.7698,0,9176.2128,0,15591.10008,0,12884.13208,0,2706.968,0,2.5225,0,2.19987,0,0.32263,0,10.13016,0,61.69175,0,41.38046,0,1881.16325,0
Apr-2022,3.05746,18651860.138,1.08227,11915370.228,0.59411,870327.718,0.25479,4315710.56,0.23337,6729331.95,1.86592,6124935.91,0.10927,611554.0,195.3243,11097594.4859073,194.11138,9780600.28340368,1.21292,1316994.20250357,66747.57155,4050335.0431273,0.55,32.84,1119.53,11118.1,0,0,4716.26,444669.9,1329.76,112353.85,3737.59155,2498586.9031273,55843.88,983573.45,0.85571,12.0960277,1121.68315,93616.326203473,16.76,579.53,-,-,996.72,92902.11,108.20315,134.686203473,5541.1696,170520.875677792,2229.30163,105459.202747038,1152.8719125,39806.819645999,1076.4297175,65652.3831010389,3311.86797,65061.6729307542,2131.76926,43529.73807016,1180.09871,21531.9348605943,6455.19161588235,25316.5726904661,5036.17147,19359.6138019936,1419.02014588235,5956.95888847251,169.31882336,3186.83438111936,1249.70132252235,2770.12450735315,624.01,670259.6,624.01,670259.6,0,0,80489.6259158823,5010048.41769903,80684.9502158823,16107642.9036063,80060.9402158823,15437383.3036063,53992.68435,1607179.20567371,4515.85311,312809.622217089,49476.83124,1294369.58345662,3670.76972,7219902.95115719,967.13742,4297280.98656438,2703.6323,2922621.96459281,5830.37199,286410.96400825,6.12235,302.67020773,5792.96526,285011.12435224,31.28438,1097.16944827971,2.31922,22.428932472,2.23738,21.916351872,0.08184,0.5125806,984.19,27823.8,984.19,27823.8,9956.8362,0,751.66069,0,9205.17551,0,15553.36233,0,12865.08654,0,2688.27579,0,2.51162,0,2.19312,0,0.3185,0,9.4844,0,61.26144,0,40.90174,0,1807.21191,0
Mar-2022,3.251225,20588727.396,1.03602,13682353.551,0.45749,660442.851,0.30452,5341281.7,0.27401,7680629.0,2.109225,6232193.47,0.10598,674180.375,230.03813,14458955.0413916,228.67589,13069668.9250912,1.36224,1389286.11630039,66517.8207,5062466.26436783,0.56,34.85,1400.66,15564.56490207,0,0,4920.01,462278.81,1825.88,131428.16,4314.2007,3492578.20946576,54056.51,960581.67,0.91361,12.0035741,1136.67107,98645.31967841,19.47,640.21,-,-,979.27,97801.22,137.93107,203.88967841,5512.70126,171158.60152915,2237.51212,107106.73616514,1134.33127,38776.94703684,1103.18085,68329.7891283,3275.18914,64051.86536402,2078.45477,40769.99610142,1196.73437,23281.8692626,6469.96088,25615.49069462,5016.85697,20054.42913752,1453.10391,5561.06155709,164.76821308,2859.70397992,1288.33569692,2701.35757717,702.93,694335.27,702.93,694335.27,0,0,80340.08391,6052220.94627001,80570.12204,20511175.9876616,79867.19204,19816840.7176616,57121.32333,1648626.39790017,4218.034671,298559.46068394,52903.288659,1350066.93721623,3924.86369,8850602.63642933,962.84375,5341586.92891076,2962.01994,3509015.70751858,5966.81928,287373.44225059,6.79817,343.75465023,5927.87053,285892.55353523,32.15058,1137.13406513,2.30144,21.78883634,2.21118,21.31460719,0.09026,0.47422915,1032.68,28479.1,1032.68,28479.1,9912.93037,-,736.2733,-,9176.65707,-,15538.22465,-,12787.92624,-,2750.29841,-,2.5174,-,2.20241,-,0.31499,-,9.15834,-,60.70142,-,49.71779,-,1727.33615,-
Feb-2022,2.92459,17994586.0,1.09747,12914110.98,0.57628,721037.65,0.25298,4221392.08,0.26821,7971681.25,1.732,4540145.02,0.09512,540330.0,180.28552,10324617.8190157,179.15484,9277355.75479785,1.13068,1047262.06421787,55305.51994,3806483.72208262,0.51,27.77,651.67,13152.01756734,0,0,4209.31,384404.04,1536.56,104998.31,3632.57994,2477058.56451528,45274.89,826843.02,0.67858,10.3005851,1089.29785,90746.07097131,15.23,506.21,-,-,948.2,90056.03,125.86785,183.83097131,4840.4656,143111.14794183,1884.23984,86041.03045858,963.40083,32499.80118272,920.83901,53541.22927586,2956.22576,57070.11748324,1845.44517,36375.97164256,1110.78059,20694.14584068,5551.16449,22922.96441243,4386.09139,17259.06010859,1165.0731,5663.90430384,126.61441,3360.17407586,1038.45869,2303.73022798,581.98,615320.85,581.98,615320.85,0,0,67368.42788,4678584.75540819,67548.7134,15003202.5744239,66966.7334,14387881.7244239,48292.44228,1391254.39018255,3626.977201,246930.65620432,44665.465079,1144323.73397823,3274.1924071,6792274.23471051,780.5099471,4169925.62173383,2493.68246,2622348.61297668,5296.66346,256462.50718055,5.29288,263.72891235,5263.17207,255218.03015804,28.19851,980.74811016,2.19176,20.46459091,2.14778,20.26481085,0.04398,0.19978006,928.46,24974.57,928.46,24974.57,10067.73528,-,717.07614,-,9350.65914,-,15652.0576362,-,12942.2803262,-,2709.77731,-,2.47105,-,2.16216,-,0.30889,-,8.50608,-,58.3387,-,48.27104,-,1600.19118,-
Jan-2022,2.54458,17839802.0,0.93447,12892869.0,0.39575,569722.0,0.257,4348558.0,0.28172,7974589.0,1.51923,4470518.0,0.09088,476415.0,181.29052,10449109.495974,180.07618,9285159.47735617,1.21434,1163950.01861782,57367.29969,3806627.76191132,0.55,29.33,1111.28,18100.6416698,0,0,4401.73,387006.75,2053.15,126812.13225873,3629.02969,2442685.81798279,46171.56,831993.09,0.80863,11.0056512,1059.01312,91553.72503193,24.47,727.56,-,-,934.07,90702.74,100.47312,123.42503193,5151.04888,147793.87710559,1958.05371,87768.51808096,960.62693,32734.97282913,997.42678,55033.54525183,3192.99517,60025.35902463,1924.51456166,37273.61552162,1268.48060834,22751.74350302,5807.67167,24796.40315057,4613.75777,19789.16788137,1193.9139,5007.2352692,117.56588,2368.33502219,1076.34802,2638.900247,596.99,557721.29,596.99,557721.29,0,0,69982.02336,4628493.05719941,70163.31388,15077602.5531734,69566.32388,14519881.2631734,49905.87838,1418855.89049043,3879.90823,250455.10477828,46025.97015,1168400.78571214,3564.14174,7413831.9296912,833.09671,4718914.39593164,2731.04503,2694917.53375956,5554.50602,262383.73447038,5.48568,269.39306072,5519.66228,261123.84723919,29.35806,990.49417047,2.13155,19.86713277,2.07788,19.58767018,0.05367,0.27946259,1125.54,28581.56,1125.54,28581.56,10111.80652,-,702.52069,-,9409.28583,-,15389.6313976,-,12722.5646076,-,2667.06679,-,2.46006,-,2.15587,-,0.30419,-,7.77807,-,56.19986,-,46.966,-,1521.05167,-
Dec-2021,3.129325,20703987.973,1.09794,14801511.773,0.48303,651102.673,0.30319,5075400.6,0.31172,9075008.5,1.959135,5516603.7,0.07225,385872.5,192.78397,12966990.7986448,191.49625,11418232.5720174,1.28772,1548758.22662743,56422.78883,4076395.22768595,0.65,36.23,1082.2,14987.37,0,0,4429.86,396411.43,1483.71,113131.86,3763.37883,2724980.10768595,45662.99,826848.23,1.12024,15.5704517,1064.53737,91162.83951729,19.59,611.26,-,-,937.92,90425.67,107.02737,125.90951729,5611.8003,160398.26583555,2112.58709,93907.23136164,1093.48252,36712.64780956,1019.10457,57194.58355208,3499.21321,66491.0344739,2202.50704786,43062.29520483,1296.70616214,23428.73926908,7008.04205,25878.22652583,5659.17987,21195.41536549,1348.86218,4682.81116034,99.63051,1892.59913358,1249.23167,2790.21202677,660.33,640955.17,660.33,640955.17,0,0,70767.49855,4994789.72956462,70960.28252,17961780.5282094,70299.95252,17320825.3582094,49877.80163,1433961.18279339,3927.19055,254443.07211109,45950.61108,1179518.1106823,3602.60956,8611529.10876728,848.35614,5690977.06976155,2754.25342,2920552.03900573,5923.80264,280371.49136402,5.90203,295.21156789,5889.13916,279099.503409,28.76145,976.77638712,3.78135,35.10239543,3.70965,34.60993753,0.0717,0.4924579,940.2,25208.11,940.2,25208.11,10066.90393,-,689.48699,-,9377.41694,-,15111.896407,-,12511.000397,-,2600.89601,-,2.44787,-,2.14829,-,0.29958,-,7.26949,-,54.98311,-,46.47262,-,1440.10245,-
Nov-2021,2.56454,17364382.0,0.97,12229072.0,0.46,617831.0,0.26,4273958.0,0.25,7337283.0,1.53,4816873.0,0.06454,318437.0,172.14,10981778.0,170.95,9589985.0,1.19,1391793.0,51880.87,3554895.6262756,0.62,35.0,1119.16,9750.0,0,0,4120.29,364672.0,1382.0,97512.6262756,3394.0,2314490.0,41864.8,768436.0,1.0,15.0,1039.13,87110.61920073,19.78,536.0,-,-,907.32,86416.61920073,112.03,158.0,5418.1769,156326.19819605,2011.16,89216.84,1068.93,37498.79,942.23,51718.05,3407.0169,67109.35819605,2112.04967,43751.33627772,1294.96723,23358.02191834,6107.05121,24885.10223646,4870.18522,21041.47355208,1236.86599,3843.62868438,74.48119,1286.62353712,1162.3848,2557.00514726,577.0,533223.0,577.0,533223.0,0,0,65022.22811,4356440.54590884,65194.36811,15338218.5459088,64617.36811,14804995.5459088,45548.53452,1324007.66315354,3732.96806,239989.36459379,41815.56646,1084018.29855975,3326.62377,7017994.65423157,790.01097,4464330.36414459,2536.6128,2553664.29008697,5687.57379,271730.21793451,5.45,276.0,5653.67886,270515.08824097,28.44493,939.12969354,4.82085,62.64138845,4.14,39.0,0.68085,23.64138845,925.63,25112.0,925.63,25112.0,10015.9,-,675.83,-,9340.07,-,14832.4327083,-,12318.1775483,-,2514.25516,-,2.42,-,2.13,-,0.29,-,6.93109,-,52.92,-,45.4137,-,1373.33,-
Oct-2021,2.846945,16600978.33,1.0371,11415738.58,0.55197,745937.1,0.25061,3822008.63,0.23452,6847792.85,1.728365,4736039.75,0.08148,449200.0,184.11308,10134367.9133888,182.89606,8956918.27439573,1.21702,1177449.63899309,52919.52343,3748602.36523461,0.86,48.74,1192.91,7518.73,0,0,4306.71,370712.48,1660.26,122518.87,3574.46166,2476396.55766627,42184.32177,771406.98756834,1.10715,16.490646,979.36345,85776.42322271,21.49,559.56,-,-,865.69,85102.71,92.18345,114.15322271,6008.76064,177413.28950455,2155.81179,100942.7795994,1075.23052,38442.36892382,1080.58127,62500.41067557,3852.94885,76470.50990515,2302.5569,47225.61282101,1550.39195,29244.89708414,6130.89946,25757.32059175,4888.96532,21702.4549564,1241.93414,4054.86563534,64.58284928,998.25133892,1177.35129072,3056.61429643,635.2,582603.87330636,635.2,582603.87330636,0,0,66673.74698,4620153.27185997,66857.86006,14754521.1852488,66222.66006,14171917.3119424,45884.2,1353832.8,3761.4,243728.3,42122.8,1110104.5,3698.36755,6625146.19421638,861.85041,3969764.59790676,2836.51714,2655381.59630961,6032.74352,289887.41342252,5.64311,285.85886367,5998.03386,288604.72525782,29.06655,996.82930103,5.34202,64.30355929,4.43951,39.15715611,0.90251,25.14640318,946.33,24799.22,946.33,24799.22,9991.94808,-,663.60808,-,9328.34,-,14450.8703674,-,12025.1041074,-,2425.76626,-,2.41471,-,2.12997,-,0.28474,-,6.70515,-,51.55025,-,44.35,-,1285.05,-
Sep-2021,3.212495,16683093.74,1.37218,11404583.79,0.89694,1127485.14,0.25399,3885955.85,0.22125,6391142.8,1.769905,4826169.95,0.07041,452340.0,174.5694,11069631.0220217,173.33153,9838857.97774096,1.23787,1230773.04428079,45720.71627,3495969.30999384,0.98,57.3,781.62,6198.78,0,0,3848.83571,324095.96557666,1171.57,91280.8,3359.54056,2419688.18441718,36558.17,654648.28,1.14077,16.0222106,987.43921,84660.46339009,19.39,440.37,-,-,878.31,84068.43,89.73921,151.66339009,5337.49795,142816.80467692,1847.20792,80227.75376321,961.5282,31742.89954347,885.67972,48484.85421974,3490.29003,62589.0509137,2052.99833,38590.99438216,1437.2917,23998.05653155,5292.52825,24481.72803828,4242.6694,20230.03732616,1049.85885,4251.69071212,133.71068324,994.5292292,916.14816676,3257.16148292,624.1,566467.76,624.1,566467.76,0,0,57962.28168,4314396.06609913,58136.85108,15384027.0881209,57512.75108,14817559.3281209,39989.4861612,1178881.6216086,3358.49657,218049.35496214,36630.9895912,960832.26664646,3654.69604,6835252.93866984,844.22915,4213809.41408177,2810.46689,2621443.52458806,5540.65937,257940.77766367,4.98373,249.44055507,5508.81882,256766.62358611,26.85682,924.71352248,5.89706,63.69762728,5.08144,40.27363574,0.81562,23.42399154,888.88,22793.31,888.88,22793.31,9844.09075,-,650.25075,-,9193.84,-,13979.0834737,-,11714.3421637,-,2264.74131,-,2.40982,-,2.13145,-,0.27837,-,6.49671,-,49.76716,-,43.74,-,1205.19,-
Aug-2021,2.510835,15362951.984,0.96432,10388877.164,0.50273,730532.134,0.24238,3479766.03,0.21921,6178579.0,1.482475,4599544.82,0.06404,374530.0,166.52096,10164295.6449529,165.33943,8940379.62511372,1.18153,1223916.01983923,45370.65798,3277623.52791902,1.05,61.48,722.32,10305.11,0,0,3797.11937,320203.0432135,2075.99,98119.06,3218.72861,2209817.88470552,35555.45,639116.95,1.13922,16.9762375,1008.32163,85435.86790195,21.99,462.3,-,-,876.81,84818.43,109.52163,155.13790195,5492.9982,142599.76159468,1904.70608,77733.01653802,984.62112,32968.88574771,920.08496,44764.13079031,3588.29212,64866.74505667,2119.63421,41177.13723016,1468.65791,23689.60782651,5259.89756,22362.31618561,4227.08113,17745.71984683,1032.81643,4616.59633878,132.27256896,1109.77294033,900.54386104,3506.82339845,588.62,533902.54,588.62,533902.54,0,0,57720.49537,4061924.01360126,57887.01633,14226219.6585542,57298.39633,13692317.1185542,39029.40094,1136503.46416894,3244.28574,201774.41908016,35785.1152,934729.04508877,3569.54353,6544362.69112414,813.52384,4087354.27289172,2756.01969,2457008.41823242,5684.7338,262880.82789673,5.01535,248.15120381,5652.37152,261683.22859576,27.34693,949.44809716,6.52386,64.47670815,5.50008,42.27590523,1.02378,22.20080292,1061.82,26830.11,1061.82,26830.11,9771.97371,-,639.34371,-,9132.63,-,13682.9152637,-,11510.9720837,-,2171.94318,-,2.40814,-,2.1357,-,0.27244,-,6.31055,-,48.16066,-,43.52,-,1142.06,-
Jul-2021,2.68489,16798811.584,0.97936,11096030.914,0.49605,744620.524,0.24625,3802643.94,0.23706,6548766.45,1.63514,5290625.67,0.07039,412155.0,167.65021,10741314.1080328,166.4306,9288983.57214125,1.21961,1452330.53589155,41372.716,3215234.45677592,1.03,60.78,1047.33919,7980.67508704,0,0,3524.64,311310.38202124,1174.6826,85696.63629917,3170.00496,2204302.78116523,32455.01925,605883.20220325,1.08,16.33,986.32214,86502.6605974,17.49,413.67,-,-,877.08,85979.98,91.75214,109.0105974,5225.85557,135972.20138965,1820.48822,74884.76330914,900.27492,30498.08364653,920.2133,44386.67966261,3405.36735,61087.4380805,1901.64015574,36763.74604171,1503.72719426,24323.69203879,4958.98733,20587.16883941,4068.85105,16624.18430666,890.13628,3962.98453275,73.49304,893.25327141,816.64324,3069.73126134,596.11211,553256.39214548,596.11211,553256.39214548,0,0,53139.99315,4011552.87974785,53307.64336,14752866.9877806,52711.53125,14199610.5956352,36837.05481,1137232.89041298,3133.937,210685.39138182,33703.11781,926547.49903115,3483.05806,6820724.32889495,827.98465,4293972.72807061,2655.07341,2526751.60082434,5374.8176,254886.29053677,4.7399,235.17025895,5344.69838,253780.20312225,25.37932,870.91715557,7.44771,62.22633405,6.14968,43.26589303,1.29803,18.96044102,869.89,22972.73,869.89,22972.73,9690.43463,-,634.14463,-,9056.29,-,13176.84094,-,11032.88789,-,2143.95305,-,2.39957,-,2.13433,-,0.26524,-,6.1117,-,46.07703,-,42.51,-,1078.8,-
Jun-2021,2.902665,17144527.137,1.01189,11317987.557,0.51436,774291.897,0.27103,4653921.06,0.2265,5889774.6,1.818435,5408998.58,0.07234,417541.0,154.13551,10196989.4423338,152.91692,8887545.80410029,1.21859,1309443.63823353,36684.39941,3029727.60802601,1.06,63.65,1148.34,8142.52,0,0,3038.45,284110.79,1498.12,92266.35,2923.26941,2097771.13802601,28075.16,547373.16,1.02933,16.0083006,981.69798,86759.11176138,17.66,416.68,-,-,878.72657,86214.75002035,85.31141,127.68174103,4493.75021,113789.59258017,1547.00942,62746.02123833,690.3955525,23977.02172687,856.6138675,38768.99951146,2946.74079,51043.57134184,1505.09483533,28743.27857886,1441.64595467,22300.29276298,4585.92332,18656.7568271,3906.01818,15848.8649636,679.90514,2807.89186351,50.54440336,667.4046579,629.36073664,2140.48720561,511.38,477429.95,511.38,477429.95,0,0,47257.15092,3726363.01919466,47411.28643,13923352.4615285,46899.90643,13445922.5115285,32127.10523,1033734.70612035,2829.57529,196263.54467841,29297.52994,837471.16144195,3063.00415,6717057.03363747,704.64903,4355718.5942732,2358.35512,2361338.43936427,4758.34881,229637.98745504,4.31447,218.64612943,4732.0374,228680.85308728,21.99694,738.48823833,7.867,58.9284144,7.02993,43.69872466,0.83707,15.22968974,856.89,24186.7,856.89,24186.7,9684.46482,-,628.15482,-,9056.31,-,12935.32547,-,10848.94765,-,2086.37782,-,2.39761,-,2.13766,-,0.25995,-,5.90959,-,45.93265,-,40.83,-,1026.76,-
May-2021,2.080445,14652879.731,0.89452,9966086.821,0.46952,710624.001,0.23315,4280972.87,0.19185,4974489.95,1.138065,4424857.91,0.04786,261935.0,123.3439,8366599.42496267,122.27683,7211162.33231286,1.06707,1155437.09264981,33866.21046,2707637.44282541,0.95,58.72,1343.09939,16261.48395951,0,0,2798.61,266289.44,1866.34413,116463.20261755,2565.38694,1819458.98624836,25291.82,489105.61,1.01237,16.1368112,936.41195,70589.49150953,17.29,422.44,-,-,857.30262,70068.77382898,61.81933,98.27768055,3901.3275,95238.97112164,1344.73103,52013.86915717,509.45797,18477.24352173,835.27306,33536.62563545,2556.59647,43225.10196446,1127.83623573,22195.40308705,1428.76023427,21029.69887741,3848.66857,21414.22862449,3175.53744,14442.4254019,673.13113,6971.8032226,37.31320152,1391.80197876,635.81792848,5580.00124383,366.69,341793.99,366.69,341793.99,0,0,42919.30848,3236674.12408107,43042.65238,11603273.5490437,42675.96238,11261479.5590437,29734.3136874,898223.89749232,2528.92602,174306.94192898,27205.3876674,723916.95556334,2608.63737,5383868.54352119,577.752,3376531.11993347,2030.88537,2007337.42358772,4167.07166,202858.37243228,3.65388,186.57546197,4139.6601,201977.90531099,23.75768,693.89165932,20.80796,121.50999058,18.0822,102.26702996,2.72576,19.24296062,824.37,24138.07,824.37,24138.07,9643.64434,-,623.93434,-,9019.71,-,12811.27482,-,10742.51563,-,2068.75919,-,2.40271,-,2.14654,-,0.25617,-,5.6201,-,45.20278,-,40.22,-,990.22,-
Apr-2021,2.3588,15138383.772,0.82539,9963716.522,0.41354,739673.942,0.20925,3829853.23,0.2026,5394189.35,1.48793,4913256.25,0.04548,261411.0,151.5206,8802867.76060271,150.1883,7555042.40970005,1.3323,1247825.35090266,34506.21923,2946342.23781811,0.94,61.04,972.73,5383.2,0,0,3229.68,299542.34,1029.55,101457.42,2862.70923,2046234.55781811,26410.61,493663.68,0.96091,14.711554,921.28124,75500.94262494,13.88,377.229181,-,-,814.04043,74985.20090619,93.36081,138.51253775,4788.54838,115232.22780128,1575.31597,59049.12310267,782.313625,26313.75111021,793.002345,32735.37199246,3213.23241,56183.10469861,1794.3718745,35620.94017607,1418.8605355,20562.16452254,4761.95568,22058.71556355,3958.66513,14250.09587082,803.29055,7808.61969273,41.18215324,1723.74678632,762.10839676,6084.87290641,557.79,553322.48,557.79,553322.48,0,0,45535.79453,3712456.60380787,45687.31513,12515324.3644106,45129.52513,11962001.8844106,32494.7707957,1006256.01168407,2563.99128,191177.81652244,29930.7795157,815078.19516163,3056.10917,5643313.66273656,731.65406,3456451.10230259,2324.45511,2186862.56043397,5252.69387,255532.82795746,5.09358,258.36839606,5222.46818,254396.57897062,25.13211,877.88059078,22.0567,133.44601985,18.85204,111.42611889,3.20466,22.01990096,725.35,21700.76,725.35,21700.76,9627.6042,-,622.6042,-,9005.0,-,12546.31678,-,10577.30467,-,1969.01211,-,2.39801,-,2.14459,-,0.25342,-,5.51116,-,45.24724,-,40.28012,-,978.18719,-
Mar-2021,2.924705,17383478.714,0.90807,11182300.684,0.41682,678873.334,0.25786,4362390.05,0.23339,6141037.3,1.954855,5828078.03,0.06178,373100.0,202.349,12982214.5970547,200.69656,11427957.6771026,1.65244,1554256.91995209,37208.51203,4053907.06755462,1.16,72.02,1128.82902,11085.9476895,0,0,3631.44,327236.07,1648.8408,164298.0518326,3481.39221,3046328.52803252,27316.85,504886.45,0.94049,14.5638972,1038.83576,86504.5236647,12.9186,346.3554947,-,-,920.41997,86004.6668793,105.49719,153.5012907,5650.324,139705.2245296,1887.27091,72318.81689733,1012.859975,33285.75638103,874.410935,39033.0605163,3763.05309,67386.40763227,2229.11810099,42816.12377713,1533.93498901,24570.28385513,5154.57473176,21285.98484258,4177.78951,14682.73864696,976.78522176,6603.24619562,47.3205826,1665.9515913,929.46463916,4937.29460432,806.59,722031.36,806.59,722031.36,0,0,49858.83652176,5023434.16059149,50061.18552176,18005648.7576462,49254.59552176,17283617.3976462,33082.40287,1248779.0094214,4852.88372,270763.97783588,28229.51915,978015.03158552,3811.16577,7950408.95641972,911.9624,4883563.31675311,2899.20337,3066845.63966661,6035.77979,285267.91536331,5.91807,306.58676973,6003.6797,283954.60928824,26.18202,1006.71930534,22.38274,118.52347547,19.48518,113.85184018,2.89756,4.67163529,763.86,22275.6,763.86,22275.6,9602.50883,-,620.49087,-,8982.01796,-,21655.68018,-,19753.69089,-,1901.98929,-,2.38588,-,2.13575,-,0.25013,-,5.43055,-,47.20077,-,35.6989,-,925.21682,-
Feb-2021,2.441175,15872384.485,0.94907,10901991.295,0.47052,681845.485,0.2372,3678987.91,0.24135,6541157.9,1.439845,4629628.19,0.05226,340765.0,157.69554,9050425.44966556,156.19764,7645509.53802605,1.4979,1404915.91163951,30607.09491,2919320.67352248,0.92,54.37,835.5398,4765.5257905,0,0,3189.73,275230.37,830.892,61363.9139658,2821.07311,2152843.73376618,22928.94,425062.76,0.81526,13.032905,861.93874,68323.10453592,9.32742,223.3420656,-,-,781.42869,68011.4532851,71.18263,88.30918522,5059.23946,119331.21532602,1613.77459,60104.54440012,863.90527,27754.2245536,749.86932,32350.31984652,3445.46487,59226.6709259,2008.86753,37414.05943044,1436.59734,21812.61149546,4519.7654,18315.48315218,3648.8421,12717.24830196,870.9233,5598.23485022,39.71329652,1323.33357603,831.21000348,4274.90127418,636.07,547109.17,636.07,547109.17,0,0,41684.10851,3672399.64653661,41841.80405,12722825.0962022,41205.73405,12175715.9262022,24372.08105,933736.06526108,2345.80911,186601.62579199,22026.27194,747134.43946909,3282.66832,4343632.69379249,759.78572,2279173.55518485,2522.8826,2064459.13860764,5530.44613,259248.50490743,4.97723,253.41890367,5502.1859,258100.15134247,23.283,894.93466129,21.7914,117.2888937,19.81102,114.02823317,1.98038,3.26066054,656.57,18381.35,656.57,18381.35,9556.49108,-,616.47183,-,8940.01925,-,21556.23373,-,19732.42732,-,1823.80641,-,2.34924,-,2.0984,-,0.25084,-,5.11761,-,47.14916,-,34.92106,-,875.85685,-
Jan-2021,2.32421,15723499.591,0.93098,10875914.771,0.47534,657842.701,0.21933,3848935.12,0.23631,6369136.95,1.34883,4576569.82,0.0444,271015.0,156.68058,9170162.30373295,155.0703,7854553.06443837,1.61028,1315609.23929458,31708.23544,2990834.84510334,1.09,64.69,1224.28331,8500.2336366,0,0,3465.52,288537.52,1115.13173,96681.0167602,2874.9304,2165869.48470654,23027.28,431181.9,0.91915,14.5628537,928.08401,79371.77142695,10.29141,214.0482099,-,-,839.07884,79044.3884926,78.71376,113.33472445,5443.74322,127894.22396262,1744.2,64737.09,926.09,29409.1,818.11,35327.99,3699.54322,63157.13396262,2132.36734341,39188.59384236,1567.17587659,23968.54012026,4386.6562293,19354.58770969,3495.8519,13450.80360517,890.8043293,5903.78410452,43.29368758,1646.72774812,847.51064172,4257.05635639,657.00932,551206.71668475,657.00932,551206.71668475,0,0,43123.7282193,3768662.14488735,43280.4087993,12938824.4486203,42623.3994793,12387617.7319355,27644.3005,1020313.30650302,2571.60778,212336.0309685,25072.69272,807977.27553452,3475.57575,6545051.37378235,800.46739,4212275.23368828,2675.10836,2332776.14009407,5729.97227,267500.09520369,5.04,251.05,5700.50385,266315.16164244,24.42842,933.88356125,32.46539,137.48937221,30.62397,135.24522096,1.84142,2.24415125,777.16,21699.8,777.16,21699.8,9491.63,-,610.98,-,8880.65,-,21212.15714,-,19461.04386,-,1751.11328,-,2.34216,-,2.09344,-,0.24872,-,5.12004,-,46.54521,-,33.60228,-,805.89199,-
Dec-2020,2.616585,15757032.396,0.99693,10816865.656,0.50679,772886.136,0.25176,4089803.62,0.23838,5954175.9,1.577085,4651381.74,0.04257,288785.0,163.47917,10659120.34,161.72432,9058135.92,1.75485,1600984.42,31735.79336,3393355.0160126,1.03229,61.11,1018.89819,8179.5020309,0,0,3556.93299,292324.7063558,1741.19951,118309.3064601,3076.14947,2558304.16669094,22341.58091,416176.22447486,0.87777,14.1024047,922.53366,81871.00777065,8.89719,187.3036724,-,-,840.43076,81576.073433,73.20571,107.63066525,5502.8816,128664.84056861,1737.79292,63486.52313925,914.20241,28960.74930146,823.59051,34525.77383779,3765.08868,65178.31742936,2165.4984976,39436.81793799,1599.5901824,25741.49949137,4337.56031,18189.96784133,3521.48323,13392.35713958,816.07708,4797.61070175,45.26418776,1250.34332333,770.81289224,3547.26737842,719.4,618015.32,719.4,618015.32,0,0,43218.16893,4240096.1521932,43381.6481,14899216.4921932,42662.2481,14281201.1721932,25296.64234,901655.10520624,2183.02569,174602.96990145,23113.61665,727052.13530479,3508.31162,6671574.62786783,799.18362,4135189.40003611,2709.128,2536385.22783172,5676.28634,266708.70380387,5.01058,246.31189531,5646.76993,265569.01784462,24.50583,893.37406394,39.8947,148.62993019,34.52688,142.44780559,5.36782,6.1821246,715.02734,19670.7965182,715.02734,19670.7965182,9460.57,-,603.97,-,8856.6,-,20819.05809,-,19156.35099,-,1662.7071,-,2.33066,-,2.0848,-,0.24586,-,4.9651,-,45.85005,-,31.99878,-,752.30876,-
Nov-2020,2.44626,10692191.669,0.78593,6942677.799,0.47529,727022.939,0.12333,1762646.66,0.18731,4453008.2,1.6363,3625848.87,0.02403,123665.0,137.79836,7987655.45325832,136.12849,6802206.41093574,1.66987,1185449.04232258,30270.12964,2986291.69659057,0.93,54.18,927.29337,4400.1075234,0,0,3391.13869,276458.9147767,1114.38692,96126.8211067,2734.09683,2218252.48788455,22102.28383,390999.18529922,0.90679,15.2466204,944.23767,78708.75958598,9.38747,180.5009524,-,-,869.62854,78432.5799274,65.22166,95.67870618,5428.3206,130238.54926702,1662.57534,62349.76143805,874.81633,30494.73750005,787.75901,31855.023938,3765.74526,67888.78782897,2112.56301,42288.79636352,1653.18225,25599.99146545,4194.09637,16811.09826557,3420.82506,12820.43472649,773.27131,3990.66353907,39.6995208,1114.03292219,733.5717892,2876.63061689,596.34569,494300.41717801,596.34569,494300.41717801,0,0,41433.12997,3706350.52088714,41570.92833,11694005.9741455,40974.58264,11199705.5569675,24288.76988,822100.36459074,2191.98311,165155.02323601,22096.78677,656945.34135473,3118.37142,5633906.92746289,707.08117,3543435.61214374,2411.29025,2090471.31531916,5883.93447,277940.14815528,4.64371,231.28348663,5853.65701,276796.54801592,25.63375,912.31665273,37.91331,142.65075481,32.33077,136.65860141,5.58254,5.9921534,684.77801,18820.41,684.77801,18820.41,9528.15024,-,601.13014,-,8927.0201,-,20443.15131,-,18857.67086,-,1585.48045,-,2.33848,-,2.09282,-,0.24566,-,4.97186,-,45.7674,-,30.4565,-,697.81998,-
Oct-2020,2.442595,12416670.505,1.05736,8849617.325,0.61127,900488.115,0.26875,4108317.16,0.17734,3840812.05,1.364655,3435633.18,0.02058,131420.0,138.21531,8496045.69846494,136.53606,7226105.13977227,1.67925,1269940.55869267,28646.32061,2993166.11222395,1.01984,57.01,961.85029,5530.642223,0,0,3189.72,274644.7287111,1015.89006,91438.3506503,2761.65042,2235388.64547045,20716.19,386106.7351691,0.97051,15.9980793,920.1529,79305.12064215,10.54872,191.5738209,-,-,848.34138,79022.4409153,61.2628,91.10590595,5650.69601,133792.49611632,1718.03116,64651.53130129,818.33411,26955.5185132,899.69705,37696.01278809,3932.66485,69140.96481503,1983.98190807,37109.95604878,1948.68294193,32031.00876625,4591.51993,17910.70473211,3639.87522,13826.67020204,951.64471,4084.03453008,37.12015636,1045.18040069,914.52455364,3038.85412939,643.08,524090.34,643.08,524090.34,0,0,40451.76945,3748264.77371453,40589.98476,12244310.4721795,39946.90476,11720220.1321795,22801.5057316,798326.95112284,2103.09195,158841.11672715,20698.4137816,639485.83439569,3289.45528,5502800.35187125,731.93151,3398795.3129074,2557.52377,2104005.03896385,5656.38806,268880.89620993,4.84685,240.43168849,5626.50469,267747.22196473,25.03652,893.24255671,34.10818,133.72738206,29.24034,128.62271561,4.86784,5.10466645,720.693,18354.4824154,720.693,18354.4824154,9335.84906,-,594.19834,-,8741.65072,-,20143.54171,-,18578.62438,-,1564.91733,-,2.34285,-,2.09881,-,0.24404,-,4.89603,-,45.81333,-,26.05,-,657.45,-
Sep-2020,2.7034,13397758.338,1.08201,9021411.788,0.60522,881022.698,0.28729,4115039.24,0.1895,4025349.85,1.59525,4238876.55,0.02614,137470.0,130.10503,9489065.74655666,128.49155,7993813.91372351,1.61348,1495251.83283315,25506.72321,2817732.97062798,0.96197,50.8606553,1059.85024,6242.9022646,0,0,2796.08,248661.75,1179.88925,68230.8875567,2468.27175,2165514.73015138,18001.67,329031.84,0.89277,14.2715412,926.41675,78239.9562912,15.28029,204.8743991,-,-,857.4255,77958.4658414,53.71096,76.6160507,4994.51646,106500.10389721,1486.70569,51133.75013293,713.37216,21985.60348517,773.33353,29148.14664776,3507.81077,55366.35376428,1758.83403996,30421.89489569,1748.97673004,24944.45886859,4625.95606,16683.31457036,3616.58484,13258.31303799,1009.37122,3425.00153237,32.500016,910.41811574,976.871204,2514.58341663,612.70535,485242.8059,612.63,485114.45,0.07535,128.3559,36666.31783,3504399.15128675,36796.42286,12993464.8978434,36183.71751,12508222.0919434,20994.7579,705945.00968799,1907.8255,145416.22711384,19086.9324,560528.78257415,3107.20796,5619466.96812622,711.6824,3477659.49572621,2395.52556,2141807.47240002,5065.50372,241222.47746149,4.36378,216.84580385,5038.61002,240204.74868312,22.52992,800.88297452,33.61729,122.5065179,29.38809,117.97255064,4.2292,4.53396726,717.65232,17095.9276156,717.65232,17095.9276156,9241.29212,-,586.94212,-,8654.35,-,19960.47401,-,18287.99368,-,1672.48033,-,2.34238,-,2.10043,-,0.24195,-,4.61625,-,44.23465,-,22.99,-,604.07061,-
Aug-2020,2.275395,12576299.588,0.96347,8614890.768,0.51647,867395.028,0.26714,3793333.49,0.17986,3954162.25,1.277695,3749568.82,0.03423,211840.0,116.77166,7292379.69694234,115.28547,6382551.72406136,1.48619,909827.97288098,23968.18887,2556879.38083203,0.89,46.39,1196.39036,8312.9820458,0,0,2461.24856,235136.9092632,1775.2806,84523.1103975,2346.09473,1930552.37985941,16188.28462,298307.60926612,0.91994,15.0867062,857.28054,67146.35432635,19.50464,253.0354886,-,-,791.81404,66830.1769916,45.96186,63.14184615,4814.52655,105081.06720623,1425.10546,50311.00028764,659.46914,21001.14612,765.63632,29309.85416764,3389.42109,54770.06691859,1647.46749038,29524.71790859,1741.95359962,25245.34901,4903.41256,16071.78341926,3967.82056,12999.90955414,935.592,3071.87386512,29.19805792,736.57592423,906.39394208,2335.2979409,519.837681,425461.6238349,519.73,425251.61,0.107681,210.0138349,35063.246201,3170640.20961877,35180.017861,10463019.9065611,34660.18018,10037558.2827262,19962.768221,678278.05716948,1736.71814,140147.97848079,18226.050081,538130.0786887,2932.33752,5072662.8271538,670.88264,3239825.45264754,2261.45488,1832837.37450626,4858.70635,236445.65948861,3.65807,183.56706053,4834.49647,235549.49433045,20.55181,712.59809763,32.48356,133.54151035,27.88696,128.62473839,4.5966,4.91677196,814.30104,19512.85,814.30104,19512.85,9132.03326,-,578.30597,-,8553.72729,-,20134.06112,-,18482.48552,-,1651.5756,-,2.32995,-,2.0911,-,0.23885,-,4.41178,-,43.5518,-,22.99411,-,-,-
Jul-2020,2.51981,14102228.913,1.21924,9407660.053,0.7306,1146553.663,0.2862,4098668.14,0.20244,4162438.25,1.27659,4544293.86,0.02398,150275.0,124.76268,8335279.04905405,123.21521,7137945.03716807,1.54747,1197334.01188598,21832.4304,2587407.45185142,0.85992,45.14,1182.38057,8975.526654,0,0,2220.99,225775.28,1053.628,98960.2564831,2401.03191,1963113.38871432,14973.54,290537.86,0.91023,15.2898503,855.71039,68355.90580705,15.95834,216.03304185,-,-,801.07895,68083.4300386,38.6731,56.4427266,4481.59417,95882.97634108,1319.66372,45558.01705071,601.62907,20106.99569427,718.03465,25451.02135644,3161.93045,50324.95929037,1461.94364386,25821.39281132,1699.98680614,24503.56647905,3987.42046,15521.28933516,3205.58626,12891.90809421,781.8342,2629.38124095,24.49016312,627.5788352,757.34403688,2001.80240575,532.38484622,434071.73046377,532.24,433799.37,0.14484622,272.36046377,31689.54026622,3201239.35379848,31814.30294622,11536518.4028525,31281.9181,11102446.6723888,17345.0492839,639098.51423554,1574.08988,130562.01754311,15770.9594039,508536.49669243,2981.50417,4978552.23685272,716.0978,3032406.07701169,2265.40637,1946146.15984103,4683.97713,232073.72646853,3.29359,166.7567286,4661.48431,231210.40856447,19.19923,696.56117546,33.57247,135.51263464,30.66803,132.20692624,2.90444,3.3057084,743.41354,17468.5001566,743.41354,17468.5001566,9099.87048,-,576.32047,-,8523.55001,-,19272.62943,-,17749.30624,-,1523.32319,-,2.33849,-,2.09989,-,0.2386,-,4.39706,-,43.57123,-,22.36878,-,-,-
Jun-2020,2.227275,13383222.775,1.01228,9590341.225,0.53739,928567.305,0.26807,4244618.87,0.20682,4417155.05,1.194565,3658696.55,0.02043,134185.0,119.67828,8651977.72132312,118.09267,7641699.58055853,1.58561,1010278.14076459,20341.72787,2499470.22332775,0.88704,46.5801924,1371.10357,11766.818029,0,0,1989.12186,206950.8049618,1337.29265,112284.8999484,2274.01334,1906586.11921605,13369.30941,261835.0009801,0.84605,14.5563939,837.02875,70703.18587415,14.66503,186.3240238,-,-,788.94423,70491.5030547,33.41949,25.35879565,4250.886,90483.86802077,1248.54866,42772.82635118,588.57604,19293.42026081,659.97262,23479.40609037,3002.33734,47711.04166959,1475.38458,25788.33316726,1526.95276,21922.70850233,3546.65539736,14494.14557357,2905.67509,12131.99899721,640.98030736,2362.14657636,35.36059872,709.69103239,605.61970864,1652.45554397,496.694,401666.05478547,496.3786,401440.56294547,0.3154,225.49184,29472.99201736,3076817.47758171,29592.67029736,11728795.1989048,29095.97629736,11327129.1441194,16246.1248749,600933.72905837,1424.07838,118981.21575951,14822.0464949,481952.51329886,2672.21411,5640530.65215741,597.85934,3635373.4955768,2074.35477,2005157.15658061,4713.16018,229517.01971053,3.22825,163.32676986,4695.02654,228733.4945002,14.90539,620.19844047,29.41864,116.09454042,27.81846,113.58942168,1.60018,2.50511874,990.74728,19748.9911573,990.74728,19748.9911573,9027.03417,-,572.89033,-,8454.14384,-,19008.06682,-,17553.63846,-,1454.42836,-,2.34268,-,2.10478,-,0.2379,-,4.0998,-,43.2583,-,21.51421,-,-,-
May-2020,1.70852,10829793.002,0.94142,7785919.772,0.55883,1010178.162,0.20653,3130997.91,0.17606,3644743.7,0.75272,2934498.23,0.01438,109375.0,90.03796,7041869.35881097,88.68269,6225396.22750043,1.35527,816473.13131054,18091.87378,2018057.19877028,0.87422,41.0983483,1154.2091,14244.5351626,0,0,1666.79994,169401.6757882,995.62675,134228.7758235,1929.39179,1481749.51815428,12344.97198,218391.5954934,0.74848,13.5483085,672.89848,50961.88976765,13.39809,159.350698,-,-,640.09151,50766.9892212,19.40888,35.54984845,3687.68054,70208.81485123,1028.86387,32225.02203987,432.30148,13469.56014657,596.56239,18755.4618933,2658.81667,37983.79281136,1121.14733694,18814.23961859,1537.66933306,19169.55319277,3032.03991,12808.4980882,2532.24413,11079.80319506,499.79578,1728.69489314,40.81949872,551.42194202,458.97628128,1177.27295112,306.77148,260227.344564,306.49658,260012.1407,0.2749,215.203864,25791.26419,2412263.74604136,25881.30215,9454133.10485233,25574.53067,9193905.76028833,14680.1987145,487019.09131234,1264.82635,94565.71472968,13415.3723645,392453.37658266,2198.14338,4792789.91551915,516.12608,3228156.65679748,1682.0173,1564633.25872167,4076.30495,195921.02131799,2.7579,141.31140364,4058.60492,195283.41892918,14.94213,496.29098517,36.24971,116.19581822,36.05722,115.60735228,0.19249,0.58846594,1000.68983,17929.4047317,1000.68983,17929.4047317,8925.29019,-,571.79899,-,8353.4912,-,18794.14751,-,17300.7672,-,1493.38031,-,2.34139,-,2.10415,-,0.23724,-,3.9804,-,43.22169,-,20.59417,-,-,-
Apr-2020,1.34274,9808580.86,0.70335,6644723.99,0.37578,779511.15,0.16918,2517434.69,0.15839,3347778.15,0.62544,3030886.87,0.01395,132970.0,54.34644,6443653.10585622,53.34881,5612492.53214512,0.99763,831160.5737111,17950.71467,1687802.99733923,0.68755,29.4626961,2312.36204,18996.3471246,0,0,1224.74581,121140.794318,2657.38288,90089.3209157,1759.79263,1306406.40801303,9995.74376,151140.6642718,0.6981,11.453089,691.42151,56028.5193066,20.65787,217.0703613,-,-,667.06364,55804.7189453,3.7,6.73,2822.19437,44015.25206705,768.53233,20764.7694992,283.25878,8051.86761011,485.27355,12712.90188909,2053.66204,23250.48256785,676.32211859,9005.38529518,1377.33992141,14245.09727267,2086.00851,9648.41650964,1841.2634,8692.88960478,244.74511,955.52690486,38.20550036,313.39411266,206.53960964,642.13279219,176.81646,163684.66905451,176.56776,163487.4272,0.2487,197.24185451,23727.15552,1961179.85427703,23781.50196,8404832.96013325,23604.6855,8241148.29107874,11319.09602,365027.24900095,1064.77042,73416.2851997,10254.3256,291610.96380125,1726.50022,4426860.56011051,385.67975,3081555.10259042,1340.82047,1345305.45752009,2949.90123,129098.24641203,3.67631,159.14318675,2935.25792,128559.71099565,10.967,379.39222962,40.87344,110.69271354,35.66505,105.41098408,5.20839,5.28172946,875.53568,14462.2285519,875.53568,14462.2285519,8868.06843,-,573.60145,-,8294.46698,-,18342.7639,-,17150.44087,-,1192.32303,-,2.33945,-,2.10195,-,0.2375,-,3.9024,-,43.91388,-,20.19,-,-,-
Mar-2020,3.140205,13808922.346,1.27425,8427403.526,0.85844,1306083.076,0.22615,3096900.7,0.18966,4024419.75,1.821825,5034488.82,0.04413,347030.0,118.94618,12047220.7427299,117.06112,10368946.2769737,1.88506,1678274.46575623,19635.40291,2829140.23904568,0.66389,36.2024256,1239.58,7901.85,0,0.1,2168.23055,201961.7042778,1134.78512,129113.43893307,2623.69785,2283664.63638301,12468.4455,206462.3070262,0.68355,11.6509552,282.96886,34268.88829707,8.87685,140.8595702,-,0.1,256.21201,34094.69872687,17.88,33.23,5246.69728,98783.101633,1638.57148,50574.15084107,900.63829,26655.6597353,737.93319,23918.49110577,3608.1258,48208.95079193,1925.24911147,27237.81993922,1682.87668853,20971.13085271,3982.84867,15340.80942995,3178.59822,13111.48686598,804.25045,2229.32256397,81.02214291,1020.61092106,723.22830709,1208.71164291,710.34459,565314.66174032,710.01039,565045.5792,0.3342,269.08254032,29858.26231,3542847.70014602,29977.20849,15590068.4428759,29266.8639,15024753.7811356,13830.33455,520199.11181404,1287.27303,109624.41616891,12543.06152,410574.69564513,2807.66678,6177461.47709153,650.36914,3952899.62753347,2157.29764,2224561.84955807,5440.02057,248573.81050595,7.54043,359.78482968,5409.61045,247428.94623539,22.86969,785.07944088,33.6875,110.01702809,30.54505,104.85896902,3.14245,5.15805907,344.98451,9993.2486205,344.98451,9993.2486205,8863.06744,-,577.45105,-,8285.61639,-,18251.63669,-,17032.84644,-,1218.79025,-,2.34357,-,2.1076,-,0.23597,-,4.11849,-,44.33973,-,20.28,-,-,-
Feb-2020,2.80414,10821111.0,1.17372,6868007.0,0.82289,1209395.0,0.19327,2604693.0,0.15756,3053919.0,1.58887,3603514.0,0.04155,349590.0,133.15318,8990096.76775305,131.07,7718134.94782558,2.08318,1271961.81992747,20370.86254,2395194.7219009,0.74143,39.7987932,1398.11674,8868.8829354,0,0,2477.97744,214565.6571152,753.52099,78709.8750271,2483.57357,1870493.558,13256.93237,222516.95003,0.70317,12.4887557,577.37997,55214.5464805,9.67118,148.5921212,-,-,540.98879,55012.9543593,26.72,53.0,6128.68409,120707.85213342,1882.94,62147.0,1072.5,33446.0,810.44,28701.0,4245.74409,58560.85213342,2455.91592,36258.41924645,1789.82817,22302.43288697,5685.16799,17514.71236409,3782.81666,14460.61063783,1902.35133,3054.10172626,115.2994346,1116.30092016,1787.0518954,1937.8008061,884.95,659458.31551443,884.58,659157.31,0.37,301.00551443,33647.04459,3248090.14839334,33780.19777,12238186.9161464,32895.24777,11578728.600632,14284.27783,525845.17376461,1304.52498,108332.45100169,12979.75285,417512.72276292,3128.46229,4854804.24500452,726.37181,2938100.30151448,2402.09048,1916703.94349004,6184.76199,283280.05638664,7.97359,379.00159425,6148.832,281926.94376221,27.9564,974.11103017,65.9711,194.68563856,59.42026,131.65111218,6.55084,63.03452638,386.4407,11200.9009718,386.4407,11200.9009718,8801.81043,-,571.5809,-,8230.22953,-,18103.64954,-,16808.08391,-,1295.56563,-,2.34089,-,2.10841,-,0.23248,-,4.04941,-,43.70702,-,18.96435,-,-,-
Jan-2020,3.011735,12826782.348,1.08634,8442926.308,0.65502,957187.558,0.21005,2999019.3,0.22127,4486719.45,1.878725,4083916.04,0.04667,299940.0,137.28613,9880821.25073995,135.08883,8558048.84760543,2.1973,1322772.40313452,21168.28998,2453546.42424923,0.75583,36.6205005,1508.83438,9405.3423583,0.092,43.4947562,2595.25523,216810.700327,1407.60777,81543.7851252,2605.55245,1929463.50703903,13050.19232,216242.974143,0.77556,13.6363517,571.04543,55298.1039412,9.35695,141.0067802,-,-,536.07848,55107.957161,25.61,49.14,6518.11887,129444.0473087,2017.27299,66572.86103046,1160.35476,35123.61572489,856.91823,31449.24530557,4500.84588,62871.18627824,2587.37895078,38907.1070191,1913.46692922,23964.07925914,5237.0506,18285.86112902,3876.23037,15408.20566727,1360.82023,2877.65546175,128.3505513,997.19994744,1232.4696787,1880.45551431,887.16518,662399.41872114,886.39,661741.0,0.77518,658.41872114,34381.67006,3318973.85534929,34518.95619,13199795.1060892,33631.79101,12537395.6873681,14402.6965,521367.83968393,1304.45415,107648.28474316,13098.24235,413719.55494077,3023.7766,5570801.86002538,684.96672,3668888.87128605,2338.80988,1901912.98873932,6532.64697,295572.76775612,8.53386,399.16976174,6495.686,294174.32186872,28.42711,999.27612566,102.46788,177.52351034,92.40821,163.12168766,10.05967,14.40182268,400.77959,11108.9817713,400.77959,11108.9817713,8725.30245,-,561.20245,-,8164.1,-,17574.74092,-,16575.30681,-,999.43411,-,2.33013,-,2.10263,-,0.2275,-,3.96121,-,42.91612,-,17.78891,-,-,-
Dec-2019,2.82641,12196680.696,1.03988,8085475.246,0.61495,853261.506,0.21449,2950776.39,0.21044,4281437.35,1.74971,3831685.45,0.03682,279520.0,136.01582,10316936.8135317,133.81874,8847760.71204039,2.19708,1469176.10149127,20012.77926,2440121.65571812,0.84412,35.3638177,1366.77863,5984.9417977,0.10468,53.3475646,2564.67272,210934.2335418,659.48184,78362.305026,2336.88014,1942230.70540402,13084.01713,202520.7585663,0.79509,13.603863,552.84639,54320.2983936,7.37486,111.583035,-,-,531.45153,54171.4201971,14.02,37.2951615,6485.38702,128488.21008881,2036.63822,65735.760462,1181.08671,35157.2315957,855.55151,30578.5288663,4448.7488,62752.44962681,2634.17604,39739.50801621,1814.57276,23012.9416106,5069.51288658,18922.32197089,3652.64098,15834.6534059,1416.87190658,3087.668565,121.8999334,1011.96430663,1294.97197318,2075.70425837,865.45672,646583.3588725,864.43808,645573.229,1.01864,1010.1298725,32985.98227658,3288435.84504393,33121.99809658,13605372.6585756,32256.54137658,12958789.2997031,14322.15018,493342.15585978,1280.6552,101678.82819822,13041.49498,391663.32766156,2994.23178,5534795.05029902,694.77764,3510638.10689879,2299.45414,2024156.94340023,6490.6557,290918.32809356,8.90691,421.95208877,6453.49566,289534.90439085,28.25313,961.47161394,78.52212,148.2422613,71.47,134.17488848,7.05212,14.06737282,326.34758,9162.814012,326.34758,9162.814012,8606.57053,-,553.32847,-,8053.24206,-,17625.43054,-,16615.68161,-,1009.74893,-,2.31999,-,2.09639,-,0.2236,-,3.80833,-,42.48777,-,17.13447,-,-,-
Nov-2019,2.78051,10655648.741,1.00738,6869044.581,0.63344,862103.551,0.18717,2359754.73,0.18677,3647186.3,1.73782,3525359.16,0.03531,261245.0,133.8741,8679806.18868871,131.60638,7469568.87874719,2.26772,1210237.30994152,18731.18287,2224702.00790757,0.63999,33.0973281,1361.27248,6882.8545129,0.16706,61.4081505,2280.75192,202903.6418167,706.05002,90940.6901284,2194.59398,1734651.22686257,12187.70742,189229.0891084,0.73822,12.9483543,530.54469,52894.1307091,6.46493,96.6769683,-,-,522.30976,52792.1937408,1.77,5.26,5942.96263511,118338.93404602,1762.12447,60130.24837699,1033.5223,31729.63376109,728.60217,28400.6146159,4180.83816511,58208.68566903,2483.17672539,37007.35729907,1697.66143972,21201.32836996,4640.06531,16927.85528514,3354.07961,14652.42508352,1285.9857,2275.43020163,119.5338965,733.46595842,1166.4518035,1541.96424321,866.12196,644802.4623005,864.8614,643678.3554,1.26056,1124.1069005,30710.87746511,3057665.39024833,30844.75156511,11737471.578937,29978.62960511,11092669.1166365,13534.23286,471295.3199158,1234.83629,96801.74138827,12299.39657,374493.57852753,2951.47401,4404301.13324759,646.75607,2584753.66564711,2304.71794,1819547.46760048,6272.5603168,282630.5891883,7.99183,381.17238263,6236.8864568,281337.84982053,27.68203,911.56698514,67.02373,133.77102725,62.7,129.0,4.32373,4.77102725,339.82568,9648.1119303,339.82568,9648.1119303,8851.69355,-,544.10765,-,8307.5859,-,17263.20167,-,16243.87035,-,1019.33132,-,2.31955,-,2.10048,-,0.21907,-,3.73687,-,41.28351,-,15.94438,-,-,-
,,,,,,,,,,,,,,,,,,,,,,,,,,,,,,,,,,,,,,,,,,,,,,,,,,,,,,,,,,,,,,,,,,,,,,,,,,,,,,,,,,,,,,,,,,,,,,,,,,,,,,,,,,,,,,,,,,,,,,,,,,,,,,,,,,,,,,,,,,,,
"@: New inclusion w.e.f. November 2019
 $ :  Inclusion separately initiated from November 2019 - would have been part of another items hitherto.
*: New inclusion w.e.f. September 2020; Includes only static UPI QR Code.",,,,,,,,,,,,,,,,,,,,,,,,,,,,,,,,,,,,,,,,,,,,,,,,,,,,,,,,,,,,,,,,,,,,,,,,,,,,,,,,,,,,,,,,,,,,,,,,,,,,,,,,,,,,,,,,,,,,,,,,,,,,,,,,,,,,,,,,,,,,
,,,,,,,,,,,,,,,,,,,,,,,,,,,,,,,,,,,,,,,,,,,,,,,,,,,,,,,,,,,,,,,,,,,,,,,,,,,,,,,,,,,,,,,,,,,,,,,,,,,,,,,,,,,,,,,,,,,,,,,,,,,,,,,,,,,,,,,,,,,,
"1. Data is provisional.
2. ECS (Debit and Credit) has been merged with NACH with effect from January 31, 2020.
3. The data for November 2019 and onwards for card payments (Debit/Credit cards) and Prepaid Payment Instruments (PPIs) may not be comparable with earlier  months/ periods, as more granular data is being published along with revision in data definitions.
4. Only domestic financial transactions are considered. The new format captures e-commerce transactions; transactions using FASTags; cash deposits,bill payments and card-to-card transfer through ATMs, etc.. Also, failed transactions, chargebacks, reversals, expired cards/ wallets, are excluded.",,,,,,,,,,,,,,,,,,,,,,,,,,,,,,,,,,,,,,,,,,,,,,,,,,,,,,,,,,,,,,,,,,,,,,,,,,,,,,,,,,,,,,,,,,,,,,,,,,,,,,,,,,,,,,,,,,,,,,,,,,,,,,,,,,,,,,,,,,,,
